alias	population	latitude	longitude	ploidy_man_curated	Species_fin	ENA accession	Project
ERR3397904	Scandinavia_UK_2n	61.41	8.25	2	A. lyrata	ERR3397904	PRJEB33206
ERR3397905	Scandinavia_UK_2n	61.41	8.25	2	A. lyrata	ERR3397905	PRJEB33206
ERR3397906	Scandinavia_UK_2n	61.41	8.25	2	A. lyrata	ERR3397906	PRJEB33206
ERR3397907	Scandinavia_UK_2n	61.41	8.25	2	A. lyrata	ERR3397907	PRJEB33206
ERR3397908	Scandinavia_UK_2n	61.41	8.25	2	A. lyrata	ERR3397908	PRJEB33206
ERR3397909	Scandinavia_UK_2n	61.41	8.25	2	A. lyrata	ERR3397909	PRJEB33206
ERR3397910	Scandinavia_UK_2n	61.41	8.25	2	A. lyrata	ERR3397910	PRJEB33206
ERR3397911	Scandinavia_UK_2n	61.41	8.25	2	A. lyrata	ERR3397911	PRJEB33206
ERR3397912	Scandinavia_UK_2n	61.41	8.25	2	A. lyrata	ERR3397912	PRJEB33206
ERR3397913	Scandinavia_UK_2n	61.41	8.25	2	A. lyrata	ERR3397913	PRJEB33206
ERR3397914	Scandinavia_UK_2n	61.41	8.25	2	A. lyrata	ERR3397914	PRJEB33206
ERR3514858	Central_Europe_4n	46.78442	17.28775	4	A. lyrata	ERR3514858	PRJEB34247
ERR3514859	Central_Europe_4n	46.78442	17.28775	4	A. lyrata	ERR3514859	PRJEB34247
ERR3514860	Central_Europe_4n	46.78442	17.28775	4	A. lyrata	ERR3514860	PRJEB34247
ERR3514864	Central_Europe_4n	48.29432	15.42614	4	A. lyrata	ERR3514864	PRJEB34247
ERR3514865	Central_Europe_4n	48.29432	15.42614	4	A. lyrata	ERR3514865	PRJEB34247
ERR3514866	Central_Europe_4n	48.29432	15.42614	4	A. lyrata	ERR3514866	PRJEB34247
ERR3514869	Central_Europe_4n	48.09283	16.27073	4	A. lyrata	ERR3514869	PRJEB34247
ERR3514870	Central_Europe_4n	48.09283	16.27073	4	A. lyrata	ERR3514870	PRJEB34247
ERR3514871	Central_Europe_4n	48.09283	16.27073	4	A. lyrata	ERR3514871	PRJEB34247
ERR3514872	Central_Europe_4n	48.39649	15.55268	4	A. lyrata	ERR3514872	PRJEB34247
ERR3514873	Central_Europe_4n	48.39649	15.55268	4	A. lyrata	ERR3514873	PRJEB34247
ERR3514874	Central_Europe_4n	48.39649	15.55268	4	A. lyrata	ERR3514874	PRJEB34247
ERR3514875	Central_Europe_4n	48.3818	15.56031	4	A. lyrata	ERR3514875	PRJEB34247
ERR3514876	Central_Europe_4n	48.3818	15.56031	4	A. lyrata	ERR3514876	PRJEB34247
ERR3514877	Central_Europe_4n	48.3818	15.56031	4	A. lyrata	ERR3514877	PRJEB34247
ERR3514878	Central_Europe_4n	48.07955	16.26718	4	A. lyrata	ERR3514878	PRJEB34247
ERR3514879	Central_Europe_4n	48.07955	16.26718	4	A. lyrata	ERR3514879	PRJEB34247
ERR3514880	Central_Europe_4n	48.07955	16.26718	4	A. lyrata	ERR3514880	PRJEB34247
ERR3514883	Central_Europe_2n	47.90154	15.96864	2	A. lyrata	ERR3514883	PRJEB34247
ERR3514884	Central_Europe_2n	47.90154	15.96864	2	A. lyrata	ERR3514884	PRJEB34247
ERR3514885	Central_Europe_2n	47.92251	15.98176	2	A. lyrata	ERR3514885	PRJEB34247
ERR3514886	Central_Europe_2n	47.92251	15.98176	2	A. lyrata	ERR3514886	PRJEB34247
ERR3514887	Central_Europe_4n	48.23901	15.34931	4	A. lyrata	ERR3514887	PRJEB34247
ERR3514888	Central_Europe_4n	48.23901	15.34931	4	A. lyrata	ERR3514888	PRJEB34247
ERR3514889	Central_Europe_4n	48.23901	15.34931	4	A. lyrata	ERR3514889	PRJEB34247
ERR3514892	Central_Europe_4n	48.27428	15.39301	4	A. lyrata	ERR3514892	PRJEB34247
ERR3514893	Central_Europe_4n	48.27428	15.39301	4	A. lyrata	ERR3514893	PRJEB34247
ERR3514895	Central_Europe_4n	48.34031	15.40085	4	A. lyrata	ERR3514895	PRJEB34247
ERR3514896	Central_Europe_4n	48.34031	15.40085	4	A. lyrata	ERR3514896	PRJEB34247
ERR3514897	Central_Europe_2n	47.97978	16.16374	2	A. lyrata	ERR3514897	PRJEB34247
ERR3514898	Central_Europe_2n	47.97978	16.16374	2	A. lyrata	ERR3514898	PRJEB34247
ERR3514899	Central_Europe_2n	47.97978	16.16374	2	A. lyrata	ERR3514899	PRJEB34247
ERR4235088	Central_Europe_2n	49.65	11.45	2	A. lyrata	ERR4235088	PRJEB33206
ERR4235089	Central_Europe_2n	49.65	11.45	2	A. lyrata	ERR4235089	PRJEB33206
ERR4235090	Central_Europe_2n	49.65	11.45	2	A. lyrata	ERR4235090	PRJEB33206
ERR4235091	Central_Europe_2n	49.65	11.45	2	A. lyrata	ERR4235091	PRJEB33206
ERR4235092	Central_Europe_2n	49.65	11.45	2	A. lyrata	ERR4235092	PRJEB33206
ERR4235093	Central_Europe_2n	49.65	11.45	2	A. lyrata	ERR4235093	PRJEB33206
ERR4235094	Central_Europe_2n	49.65	11.45	2	A. lyrata	ERR4235094	PRJEB33206
ERR4235095	Central_Europe_2n	49.65	11.45	2	A. lyrata	ERR4235095	PRJEB33206
ERR4235096	Central_Europe_2n	49.65	11.45	2	A. lyrata	ERR4235096	PRJEB33206
ERR4235097	Central_Europe_2n	49.65	11.45	2	A. lyrata	ERR4235097	PRJEB33206
NT1_1_1	East_Siberia_SC	68.78978	124.02293	2	A. lyrata	ERR9802381	PRJEB50329
NT1_2_1	East_Siberia_SC	68.78978	124.02293	2	A. lyrata	ERR9802382	PRJEB50329
NT1_3_1	East_Siberia_SC	68.78978	124.02293	2	A. lyrata	ERR9802383	PRJEB50329
MW0079570	East_Siberia_SC	70.5459	105.905	2	A. lyrata	ERR9802384	PRJEB50329
MW0079605	East_Siberia_SC	74.82053	106.3225	2	A. lyrata	ERR9802385	PRJEB50329
MW0079456	East_Siberia_SC	69.631288	168.432929	2	A. lyrata	ERR9802386	PRJEB50329
NT8_1_1	East_Siberia_2n	66.70192	123.30781	2	A. lyrata	ERR9802387	PRJEB50329
NT8_2_1	East_Siberia_2n	66.70192	123.30781	2	A. lyrata	ERR9802388	PRJEB50329
NT8_3_1	East_Siberia_2n	66.70192	123.30781	2	A. lyrata	ERR9802389	PRJEB50329
MW0158707	Central_Siberia_2n	72.30339	103.1866	2	A. lyrata	ERR9802390	PRJEB50329
MW0158706	Central_Siberia_2n	72.38404	103.9105	2	A. lyrata	ERR9802380	PRJEB50329
NT8_4_1	East_Siberia_2n	66.70192	123.30781	2	A. lyrata	ERR9802379	PRJEB50329
NT12_1_1	East_Siberia_2n	69.90925	125.1049	2	A. lyrata	ERR9802378	PRJEB50329
NT12_2_1	East_Siberia_2n	69.90925	125.1049	2	A. lyrata	ERR9802377	PRJEB50329
MW0079579	Central_Siberia_2n	75.27706	112.4588	2	A. lyrata	ERR9802376	PRJEB50329
MW0079581	Central_Siberia_2n	75.30149	112.4086	2	A. lyrata	ERR9802375	PRJEB50329
MW0079466	n/a	69.474793	166.586866	2	A. lyrata	ERR9802374	PRJEB50329
TE_10.3-2	West_Siberia_2n	68.91428	77.66211	2	A. lyrata	ERR11265614	PRJEB50329
TE_11.1-2	West_Siberia_2n	68.94298	77.75131	2	A. lyrata	ERR11265613	PRJEB50329
al1_1	Central_Siberia_4n	69.13	94.04	4	A. lyrata	ERR12736014	PRJEB67879
al2_1	Central_Siberia_4n	69.13	94.04	4	A. lyrata	ERR12736043	PRJEB67879
al3_1	Central_Siberia_4n	69.13	94.04	4	A. lyrata	ERR12736039	PRJEB67879
al4_1	Central_Siberia_4n	69.13	94.04	4	A. lyrata	ERR12736034	PRJEB67879
BAM_12.1-1	East_Siberia_2n	56.807	124.88904	2	A. lyrata	ERR12736064	PRJEB67879
IRK-ID2040	Central_Siberia_2n	51.92833	102.42666	2	A. lyrata	ERR12736052	PRJEB67879
IRK-ID27652	Central_Siberia_2n	58.7	103	2	A. lyrata	ERR12736057	PRJEB67879
IRK-ID51710	East_Siberia_SC	52	102	2	A. lyrata	ERR12736053	PRJEB67879
IRK-ID51711	Central_Siberia_2n	51.90944	102.41111	unsure	A. lyrata	ERR12736054	PRJEB67879
IRK-ID51712	Central_Siberia_2n	51.9325	102.42278	unsure	A. lyrata	ERR12736055	PRJEB67879
IRK-ID61141	Central_Siberia_2n	51.94167	102.42056	2	A. lyrata	ERR12736056	PRJEB67879
IRK-STAN	exclude	55.5	112.7	2	A. lyrata	ERR12736051	PRJEB67879
IRKU048360	Central_Siberia_2n	51.91752	102.721848	unsure	A. lyrata	ERR12736050	PRJEB67879
IRKU049793	exclude	57.5	116.55	4	A. lyrata	ERR12736049	PRJEB67879
IRKU049797	Central_Siberia_4n	51.94	102.7	4	A. lyrata	ERR12736063	PRJEB67879
IRKU049798	Central_Siberia_2n	51.94	102.7	2	A. lyrata	ERR12736062	PRJEB67879
IRKU049802	exclude	72.5	105.17	unsure	A. lyrata	ERR12736061	PRJEB67879
IRKU049803	Central_Siberia_4n	75.375	105.366666	4	A. lyrata	ERR12736060	PRJEB67879
IRKU049804	Central_Siberia_2n	72.5	105.17	2	A. lyrata	ERR12736059	PRJEB67879
IRKU084814	Central_Siberia_2n	51.970047	102.448011	2	A. lyrata	ERR12736058	PRJEB67879
MN_47	North_America_2n	43	-84	2	A. lyrata	ERR12742582	PRJEB67879
MW0079467_1	East_Siberia_2n	69.474793	166.61	2	A. lyrata	ERR12742392	PRJEB67879
MW0079472	exclude	63.13195	144.676274	unsure	A. lyrata	ERR12735966	PRJEB67879
MW0079473_1	East_Siberia_2n	63.13195	144.676274	2	A. lyrata	ERR12742391	PRJEB67879
MW0079478	Amur_Basin_2n	54.012285	127.423313	2	A. lyrata	ERR12735972	PRJEB67879
MW0079478_3	Amur_Basin_2n	54.012285	127.423313	2	A. lyrata	ERR12742390	PRJEB67879
MW0079479	Amur_Basin_2n	53.910706	127.414687	2	A. lyrata	ERR12735969	PRJEB67879
MW0079480	Amur_Basin_2n	53.880491	127.413271	2	A. lyrata	ERR12735968	PRJEB67879
MW0079480_3	Amur_Basin_2n	53.880491	127.413271	2	A. lyrata	ERR12742389	PRJEB67879
MW0079481	Amur_Basin_2n	54.328725	126.814736	2	A. lyrata	ERR12735991	PRJEB67879
MW0079481_2	Amur_Basin_2n	54.328725	126.814736	2	A. lyrata	ERR12742388	PRJEB67879
MW0079482	Amur_Basin_2n	54.006938	127.412327	2	A. lyrata	ERR12735971	PRJEB67879
MW0079482_2	Amur_Basin_2n	54.006938	127.412327	2	A. lyrata	ERR12742387	PRJEB67879
MW0079483	Amur_Basin_2n	53.983663	127.465556	2	A. lyrata	ERR12735970	PRJEB67879
MW0079484_2	Amur_Basin_2n	54.195031	127.12561	2	A. lyrata	ERR12742386	PRJEB67879
MW0079485	Amur_Basin_2n	54.101409	127.268292	2	A. lyrata	ERR12736003	PRJEB67879
MW0079485_2	Amur_Basin_2n	54.101409	127.268292	2	A. lyrata	ERR12742385	PRJEB67879
MW0079486_2	exclude	70.686846	127.354681	unsure	A. lyrata	ERR12742384	PRJEB67879
MW0079486_3	East_Siberia_2n	70.686846	127.354681	2	A. lyrata	ERR12742383	PRJEB67879
MW0079491	East_Siberia_2n	56.816615	124.878522	2	A. lyrata	ERR12735992	PRJEB67879
MW0079491_2	East_Siberia_2n	56.816615	124.878522	2	A. lyrata	ERR12742382	PRJEB67879
MW0079493_1	East_Siberia_2n	63.3508974	125.719986	2	A. lyrata	ERR12742381	PRJEB67879
MW0079494_2	East_Siberia_2n	72.3956019	126.6601753	2	A. lyrata	ERR12742380	PRJEB67879
MW0079496	East_Siberia_2n	63.264569	143.230643	2	A. lyrata	ERR12735965	PRJEB67879
MW0079497	KIS_2n	72.96641	78.933523	2	A. lyrata	ERR12735996	PRJEB67879
MW0079497_4	KIS_2n	72.96641	78.933523	2	A. lyrata	ERR12742379	PRJEB67879
MW0079500	KIS_2n	72.9040995	78.9319611	2	A. lyrata	ERR12735975	PRJEB67879
MW0079500_2	KIS_2n	72.9040995	78.9319611	2	A. lyrata	ERR12742378	PRJEB67879
MW0079507	Central_Siberia_4n	74.44556	99.6814	4	A. lyrata	ERR12736002	PRJEB67879
MW0079509	Northern_Ural_2n	59.5167321	59.1124535	2	A. lyrata	ERR12735987	PRJEB67879
MW0079510_1	Northern_Ural_2n	59.5167321	59.1124535	2	A. lyrata	ERR12742377	PRJEB67879
MW0079537	East_Siberia_2n	70.820742	129.638221	2	A. lyrata	ERR12736015	PRJEB67879
MW0079537_3	East_Siberia_2n	70.820742	129.638221	2	A. lyrata	ERR12742376	PRJEB67879
MW0079538	East_Siberia_2n	72.0034007	129.1133881	2	A. lyrata	ERR12736016	PRJEB67879
MW0079543_2	East_Siberia_2n	56.761912	124.749712	2	A. lyrata	ERR12742375	PRJEB67879
MW0079544	Central_Siberia_4n	72.4044258	126.8563843	4	A. lyrata	ERR12736017	PRJEB67879
MW0079545	East_Siberia_2n	72.5472921	127.2223663	2	A. lyrata	ERR12736018	PRJEB67879
MW0079546	Central_Siberia_4n	71.3093764	124.1757202	4	A. lyrata	ERR12736019	PRJEB67879
MW0079546_2	Central_Siberia_4n	71.3093764	124.1757202	4	A. lyrata	ERR12742374	PRJEB67879
MW0079552	Central_Siberia_4n	74.44204	98.81792	4	A. lyrata	ERR12735998	PRJEB67879
MW0079552_2	Central_Siberia_4n	74.44204	98.81792	4	A. lyrata	ERR12742373	PRJEB67879
MW0079552_3	Central_Siberia_4n	74.44204	98.81792	4	A. lyrata	ERR12742372	PRJEB67879
MW0079552_7	Central_Siberia_4n	74.44204	98.81792	4	A. lyrata	ERR12742371	PRJEB67879
MW0079552_8	Central_Siberia_4n	74.44204	98.81792	4	A. lyrata	ERR12742370	PRJEB67879
MW0079553	KIS_2n	72.96641	78.933523	2	A. lyrata	ERR12735976	PRJEB67879
MW0079553_5	KIS_2n	72.96641	78.933523	2	A. lyrata	ERR12742369	PRJEB67879
MW0079553_7	KIS_2n	72.96641	78.933523	2	A. lyrata	ERR12742368	PRJEB67879
MW0079558_2	Central_Siberia_4n	74.352355	104.723114	4	A. lyrata	ERR12742367	PRJEB67879
MW0079559	West_Siberia_2n	71.445855	89.213257	2	A. lyrata	ERR12735986	PRJEB67879
MW0079560	West_Siberia_2n	71.445855	89.213257	2	A. lyrata	ERR12742329	PRJEB67879
MW0079561_8	West_Siberia_2n	71.431966	89.220123	2	A. lyrata	ERR12742366	PRJEB67879
MW0079561_9	West_Siberia_2n	71.431966	89.220123	2	A. lyrata	ERR12742365	PRJEB67879
MW0079564	West_Siberia_2n	70.861044	89.897527	2	A. lyrata	ERR12735988	PRJEB67879
MW0079564_2	West_Siberia_2n	70.861044	89.897527	2	A. lyrata	ERR12742364	PRJEB67879
MW0079568-1_1	Central_Siberia_4n	71.67179	108.2023	4	A. lyrata	ERR12742363	PRJEB67879
MW0079568-2_1	exclude	72.46667	101.846	unsure	A. lyrata	ERR12742362	PRJEB67879
MW0079568-3_1	Central_Siberia_4n	71.6524	108.317	4	A. lyrata	ERR12742361	PRJEB67879
MW0079568-4_1	Central_Siberia_4n	71.64702	108.2709	4	A. lyrata	ERR12742360	PRJEB67879
MW0079569-2_1	Central_Siberia_4n	71.66347	108.2369	4	A. lyrata	ERR12742359	PRJEB67879
MW0079572-1	Central_Siberia_4n	74.09224	97.49822	4	A. lyrata	ERR12735978	PRJEB67879
MW0079572-2	Central_Siberia_4n	74.45192	98.88936	4	A. lyrata	ERR12735999	PRJEB67879
MW0079572-3_1	Central_Siberia_4n	74.43984	98.86396	4	A. lyrata	ERR12742358	PRJEB67879
MW0079573	Central_Siberia_4n	74.16692	97.5606	4	A. lyrata	ERR12735977	PRJEB67879
MW0079573_1	Central_Siberia_4n	74.16692	97.5606	4	A. lyrata	ERR12742357	PRJEB67879
MW0079573_3	Central_Siberia_4n	74.16692	97.5606	4	A. lyrata	ERR12742356	PRJEB67879
MW0079573_4	Central_Siberia_4n	74.16692	97.5606	4	A. lyrata	ERR12742355	PRJEB67879
MW0079573_5	Central_Siberia_4n	74.16692	97.5606	4	A. lyrata	ERR12742354	PRJEB67879
MW0079575	Central_Siberia_4n	74.5005	99.691	4	A. lyrata	ERR12736020	PRJEB67879
MW0079577_2	Central_Siberia_4n	71.2573333	103.335425	4	A. lyrata	ERR12742353	PRJEB67879
MW0079578-1	Central_Siberia_4n	73.394991	80.694923	4	A. lyrata	ERR12735997	PRJEB67879
MW0079582	Northern_Ural_2n	67.1670242	73.9422798	2	A. lyrata	ERR12735985	PRJEB67879
MW0079583_1	Northern_Ural_2n	59.5167321	59.1124535	2	A. lyrata	ERR12742352	PRJEB67879
MW0079583_2	Northern_Ural_2n	59.5167321	59.1124535	2	A. lyrata	ERR12742351	PRJEB67879
MW0079583_3	Northern_Ural_2n	59.5167321	59.1124535	2	A. lyrata	ERR12742350	PRJEB67879
MW0079584	Northern_Ural_4n	68.855228	64.758948	4	A. lyrata	ERR12735984	PRJEB67879
MW0079585	Northern_Ural_2n	66.628932	72.924427	2	A. lyrata	ERR12735967	PRJEB67879
MW0079587_4	West_Siberia_2n	67.495475	78.706424	2	A. lyrata	ERR12742349	PRJEB67879
MW0079587_6	West_Siberia_2n	67.495475	78.706424	2	A. lyrata	ERR12742348	PRJEB67879
MW0079589	Northern_Ural_4n	66.9574895	65.3775787	4	A. lyrata	ERR12735990	PRJEB67879
MW0079589_11	Northern_Ural_4n	66.9574895	65.3775787	4	A. lyrata	ERR12742347	PRJEB67879
MW0079589_8	Northern_Ural_4n	66.9574895	65.3775787	4	A. lyrata	ERR12742346	PRJEB67879
MW0079589_9	Northern_Ural_4n	66.9574895	65.3775787	4	A. lyrata	ERR12742345	PRJEB67879
MW0079591	Northern_Ural_2n	72.348909	72.087915	2	A. lyrata	ERR12735994	PRJEB67879
MW0079604	Central_Siberia_2n	74.8628	106.5649	2	A. lyrata	ERR12735974	PRJEB67879
MW0079604_5	Central_Siberia_2n	74.8628	106.5649	2	A. lyrata	ERR12742344	PRJEB67879
MW0079606	Central_Siberia_4n	74.86008	106.5688	4	A. lyrata	ERR12735995	PRJEB67879
MW0079608_2	exclude	70.064679	83.231126	unsure	A. lyrata	ERR12742343	PRJEB67879
MW0079608_3	West_Siberia_2n	70.064679	83.231126	2	A. lyrata	ERR12742342	PRJEB67879
MW0079609	Central_Siberia_4n	73.25255	90.598596	4	A. lyrata	ERR12735993	PRJEB67879
MW0079609_3	Central_Siberia_4n	73.25255	90.598596	4	A. lyrata	ERR12742341	PRJEB67879
MW0079609_4	Central_Siberia_4n	73.25255	90.598596	4	A. lyrata	ERR12742340	PRJEB67879
MW0079610	Central_Siberia_4n	74.54343	98.56321	4	A. lyrata	ERR12736000	PRJEB67879
MW0079895	Northern_Ural_2n	66.447954	72.941734	2	A. lyrata	ERR12735989	PRJEB67879
MW0157476_2	Central_Siberia_2n	71.88334	103.8291	2	A. lyrata	ERR12742339	PRJEB67879
MW0157478	Central_Siberia_4n	71.25438	105.5609	4	A. lyrata	ERR12736004	PRJEB67879
MW0157478_2	Central_Siberia_4n	71.25438	105.5609	4	A. lyrata	ERR12742338	PRJEB67879
MW0158708	East_Siberia_2n	71.32261	-179.9066	unsure	A. lyrata	ERR12735980	PRJEB67879
MW0374083	Northern_Ural_4n	66.53767	34.502	4	A. lyrata	ERR12735979	PRJEB67879
MW0374083_4	Northern_Ural_4n	66.53767	34.502	4	A. lyrata	ERR12742337	PRJEB67879
MW0374083_6	Northern_Ural_4n	66.53767	34.502	4	A. lyrata	ERR12742336	PRJEB67879
MW0374084	Northern_Ural_4n	72.2719304	52.4677849	4	A. lyrata	ERR12735983	PRJEB67879
MW0374084_2	Northern_Ural_4n	72.2719304	52.4677849	4	A. lyrata	ERR12742335	PRJEB67879
MW0374085_1	Northern_Ural_4n	66.53767	34.502	4	A. lyrata	ERR12742334	PRJEB67879
MW0374085_11	Northern_Ural_4n	66.53767	34.502	4	A. lyrata	ERR12742333	PRJEB67879
MW0374087	Northern_Ural_4n	66.5378771	34.4919205	4	A. lyrata	ERR12736001	PRJEB67879
MW0374087_5	Northern_Ural_4n	66.5378771	34.4919205	4	A. lyrata	ERR12742332	PRJEB67879
MW0374087_9	exclude	66.5378771	34.4919205	unsure	A. lyrata	ERR12742331	PRJEB67879
MW0374094_6	exclude	72.3738873	52.7165222	unsure	A. lyrata	ERR12742330	PRJEB67879
MW0374095	Northern_Ural_4n	71.1367605	54.0211487	4	A. lyrata	ERR12735982	PRJEB67879
MW0374101	Northern_Ural_4n	71.1367605	54.0211487	4	A. lyrata	ERR12735981	PRJEB67879
MW0374102-2	Northern_Ural_4n	68.1229941	66.1201859	4	A. lyrata	ERR12735973	PRJEB67879
NT10_1_1	East_Siberia_2n	71.80696	127.46523	2	A. lyrata	ERR12736022	PRJEB67879
NT10_2_1	East_Siberia_2n	71.80696	127.46523	2	A. lyrata	ERR12736047	PRJEB67879
NT10_3_1	East_Siberia_2n	71.80696	127.46523	2	A. lyrata	ERR12736013	PRJEB67879
NT13_9_1	East_Siberia_2n	71.04445	127.53303	2	A. lyrata	ERR12736012	PRJEB67879
NT14_1_1	East_Siberia_2n	71.59676	129.16077	2	A. lyrata	ERR12736011	PRJEB67879
NT14_10_1	East_Siberia_2n	71.59676	129.16077	2	A. lyrata	ERR12736044	PRJEB67879
NT14_11_1	East_Siberia_2n	71.59676	129.16077	2	A. lyrata	ERR12736040	PRJEB67879
NT14_3_1	East_Siberia_2n	71.59676	129.16077	2	A. lyrata	ERR12736010	PRJEB67879
NT14_4_1	East_Siberia_2n	71.59676	129.16077	2	A. lyrata	ERR12736009	PRJEB67879
NT14_5_1	East_Siberia_2n	71.59676	129.16077	2	A. lyrata	ERR12736028	PRJEB67879
NT14_6_1	East_Siberia_2n	71.59676	129.16077	2	A. lyrata	ERR12736025	PRJEB67879
NT14_7_1	East_Siberia_2n	71.59676	129.16077	2	A. lyrata	ERR12736021	PRJEB67879
NT14_8_1	East_Siberia_2n	71.59676	129.16077	2	A. lyrata	ERR12736046	PRJEB67879
NT15_1_1	East_Siberia_2n	71.56023	128.76028	2	A. lyrata	ERR12736035	PRJEB67879
NT15_2_1	East_Siberia_2n	71.56023	128.76028	2	A. lyrata	ERR12736008	PRJEB67879
NT15_3_1	East_Siberia_2n	71.56023	128.76028	2	A. lyrata	ERR12736027	PRJEB67879
NT15_4_1	East_Siberia_2n	71.56023	128.76028	2	A. lyrata	ERR12736024	PRJEB67879
NT15_5_1	East_Siberia_2n	71.56023	128.76028	2	A. lyrata	ERR12736007	PRJEB67879
NT16.1-1	East_Siberia_2n	72.91466	126.32345	2	A. lyrata	ERR12736119	PRJEB67879
NT16.1-2	East_Siberia_2n	72.91466	126.32345	2	A. lyrata	ERR12736118	PRJEB67879
NT16.1-4	East_Siberia_2n	72.91466	126.32345	2	A. lyrata	ERR12736117	PRJEB67879
NT16.1-5	East_Siberia_2n	72.91466	126.32345	2	A. lyrata	ERR12736116	PRJEB67879
NT16.2-1	East_Siberia_2n	72.91466	126.32345	2	A. lyrata	ERR12736115	PRJEB67879
NT16.2-2	East_Siberia_2n	72.91466	126.32345	2	A. lyrata	ERR12736114	PRJEB67879
NT16.3-1	East_Siberia_2n	72.91466	126.32345	2	A. lyrata	ERR12736113	PRJEB67879
NT16.3-5	East_Siberia_2n	72.91466	126.32345	2	A. lyrata	ERR12736112	PRJEB67879
NT16.3-6	East_Siberia_2n	72.91466	126.32345	2	A. lyrata	ERR12736111	PRJEB67879
NT16.3-7	East_Siberia_2n	72.91466	126.32345	2	A. lyrata	ERR12736110	PRJEB67879
NT16.4-1	East_Siberia_2n	72.91466	126.32345	2	A. lyrata	ERR12736109	PRJEB67879
NT16.4-2	East_Siberia_2n	72.91466	126.32345	2	A. lyrata	ERR12736108	PRJEB67879
NT16.4-3	East_Siberia_2n	72.91466	126.32345	2	A. lyrata	ERR12736107	PRJEB67879
NT16.4-4	East_Siberia_2n	72.91466	126.32345	2	A. lyrata	ERR12736106	PRJEB67879
NT16.5-1	East_Siberia_2n	72.91466	126.32345	2	A. lyrata	ERR12736105	PRJEB67879
NT16.5-2	East_Siberia_2n	72.91466	126.32345	2	A. lyrata	ERR12736104	PRJEB67879
NT16.5-3	East_Siberia_2n	72.91466	126.32345	2	A. lyrata	ERR12736103	PRJEB67879
NT16.5-4	East_Siberia_2n	72.91466	126.32345	2	A. lyrata	ERR12736102	PRJEB67879
NT17.1-1	East_Siberia_2n	71.31612	129.44675	2	A. lyrata	ERR12736101	PRJEB67879
NT17.1-2	East_Siberia_2n	71.31612	129.44675	2	A. lyrata	ERR12736100	PRJEB67879
NT17.1-4	East_Siberia_2n	71.31612	129.44675	2	A. lyrata	ERR12736099	PRJEB67879
NT17.1-5	East_Siberia_2n	71.31612	129.44675	2	A. lyrata	ERR12736098	PRJEB67879
NT17.4-1	East_Siberia_2n	71.31612	129.44675	2	A. lyrata	ERR12736097	PRJEB67879
NT17.4-2	East_Siberia_2n	71.31612	129.44675	2	A. lyrata	ERR12736096	PRJEB67879
NT17.4-3	East_Siberia_2n	71.31612	129.44675	2	A. lyrata	ERR12736095	PRJEB67879
NT17.4-4	East_Siberia_2n	71.31612	129.44675	2	A. lyrata	ERR12736094	PRJEB67879
NT17.5-1	East_Siberia_2n	71.31612	129.44675	2	A. lyrata	ERR12736093	PRJEB67879
NT18-1	East_Siberia_2n	71.50507	129.28337	2	A. lyrata	ERR12736092	PRJEB67879
NT18-2	East_Siberia_2n	71.50507	129.28337	2	A. lyrata	ERR12736091	PRJEB67879
NT18-3	East_Siberia_2n	71.50507	129.28337	2	A. lyrata	ERR12736090	PRJEB67879
NT18-4	East_Siberia_2n	71.50507	129.28337	2	A. lyrata	ERR12736089	PRJEB67879
NT18-6	East_Siberia_2n	71.50507	129.28337	2	A. lyrata	ERR12736088	PRJEB67879
NT19.1-1	East_Siberia_2n	72.35875	127.65138	2	A. lyrata	ERR12736087	PRJEB67879
NT19.1-2	East_Siberia_2n	72.35875	127.65138	2	A. lyrata	ERR12736086	PRJEB67879
NT19.1-3	East_Siberia_2n	72.35875	127.65138	2	A. lyrata	ERR12736085	PRJEB67879
NT19.1-4	East_Siberia_2n	72.35875	127.65138	2	A. lyrata	ERR12736084	PRJEB67879
NT19.1-5	East_Siberia_2n	72.35875	127.65138	2	A. lyrata	ERR12736083	PRJEB67879
NT19.1-6	East_Siberia_2n	72.35875	127.65138	2	A. lyrata	ERR12736082	PRJEB67879
NT19.2-1	East_Siberia_2n	72.35875	127.65138	2	A. lyrata	ERR12736081	PRJEB67879
NT19.2-2	East_Siberia_2n	72.35875	127.65138	2	A. lyrata	ERR12736080	PRJEB67879
NT19.3-1	East_Siberia_2n	72.35875	127.65138	2	A. lyrata	ERR12736079	PRJEB67879
NT19.3-2	East_Siberia_2n	72.35875	127.65138	2	A. lyrata	ERR12736078	PRJEB67879
NT19.3-3	East_Siberia_2n	72.35875	127.65138	2	A. lyrata	ERR12736077	PRJEB67879
NT2_1_1	East_Siberia_2n	71.99619	129.12575	2	A. lyrata	ERR12736038	PRJEB67879
NT2_2_1	East_Siberia_2n	71.99619	129.12575	2	A. lyrata	ERR12736033	PRJEB67879
NT2_3_1	East_Siberia_2n	71.99619	129.12575	2	A. lyrata	ERR12736030	PRJEB67879
NT2_4_1	East_Siberia_2n	71.99619	129.12575	2	A. lyrata	ERR12736006	PRJEB67879
NT2_5_1	East_Siberia_2n	71.99619	129.12575	2	A. lyrata	ERR12736023	PRJEB67879
NT20.1-1	East_Siberia_2n	73.37268	126.45977	2	A. lyrata	ERR12736076	PRJEB67879
NT20.3-1	East_Siberia_2n	73.37268	126.45977	2	A. lyrata	ERR12736075	PRJEB67879
NT20.3-2	East_Siberia_2n	73.37268	126.45977	2	A. lyrata	ERR12736074	PRJEB67879
NT20.3-3	East_Siberia_2n	73.37268	126.45977	2	A. lyrata	ERR12736073	PRJEB67879
NT20.4-1	East_Siberia_2n	73.37268	126.45977	2	A. lyrata	ERR12736072	PRJEB67879
NT20.4-2	East_Siberia_2n	73.37268	126.45977	2	A. lyrata	ERR12736071	PRJEB67879
NT20.4-3	East_Siberia_2n	73.37268	126.45977	2	A. lyrata	ERR12736070	PRJEB67879
NT20.6-2	East_Siberia_2n	73.37268	126.45977	2	A. lyrata	ERR12736069	PRJEB67879
NT20.6-3	East_Siberia_2n	73.37268	126.45977	2	A. lyrata	ERR12736068	PRJEB67879
NT4_2_1	East_Siberia_2n	71.06107	127.56112	2	A. lyrata	ERR12736048	PRJEB67879
NT4_3_1	East_Siberia_2n	71.06107	127.56112	2	A. lyrata	ERR12736045	PRJEB67879
NT4.1	East_Siberia_2n	71.06107	127.56112	2	A. lyrata	ERR12736067	PRJEB67879
NT5_1_1	East_Siberia_2n	71.9924	127.01465	2	A. lyrata	ERR12736042	PRJEB67879
NT5_2_1	East_Siberia_2n	71.9924	127.01465	2	A. lyrata	ERR12736037	PRJEB67879
NT5_3_1	East_Siberia_2n	71.9924	127.01465	2	A. lyrata	ERR12736032	PRJEB67879
NT8_5_1	East_Siberia_2n	66.70192	123.30781	2	A. lyrata	ERR12736005	PRJEB67879
NT8.3-4	East_Siberia_2n	66.70192	123.30781	2	A. lyrata	ERR12736066	PRJEB67879
NT8.4-5	East_Siberia_2n	66.70192	123.30781	2	A. lyrata	ERR12736065	PRJEB67879
NT9_1_1	East_Siberia_2n	71.62518	128.86804	2	A. lyrata	ERR12736041	PRJEB67879
NT9_2_1	East_Siberia_2n	71.62518	128.86804	2	A. lyrata	ERR12736036	PRJEB67879
NT9_3_1	East_Siberia_2n	71.62518	128.86804	2	A. lyrata	ERR12736031	PRJEB67879
NT9_4_1	East_Siberia_2n	71.62518	128.86804	2	A. lyrata	ERR12736029	PRJEB67879
NT9_5_1	East_Siberia_2n	71.62518	128.86804	2	A. lyrata	ERR12736026	PRJEB67879
PU_1mix-1	Northern_Ural_4n	66.90776	65.69919	4	A. lyrata	ERR12742581	PRJEB67879
PU_1mix-2	Northern_Ural_4n	66.90776	65.69919	4	A. lyrata	ERR12742580	PRJEB67879
PU_2mix-1	Northern_Ural_4n	66.90819	65.6873	4	A. lyrata	ERR12742579	PRJEB67879
PU_2mix-2	Northern_Ural_4n	66.90819	65.6873	4	A. lyrata	ERR12742578	PRJEB67879
PU_3mix-1	Northern_Ural_4n	66.93358	65.6449	4	A. lyrata	ERR12742577	PRJEB67879
PU_3mix-2	Northern_Ural_4n	66.93358	65.6449	4	A. lyrata	ERR12742576	PRJEB67879
PU_4mix-1	Northern_Ural_4n	66.93139	65.59633	4	A. lyrata	ERR12742575	PRJEB67879
PU_4mix-2	Northern_Ural_4n	66.93139	65.59633	4	A. lyrata	ERR12742574	PRJEB67879
PU_5mix-1	Northern_Ural_4n	66.94763	65.52093	4	A. lyrata	ERR12742573	PRJEB67879
PU_5mix-2	Northern_Ural_4n	66.94763	65.52093	4	A. lyrata	ERR12742572	PRJEB67879
PU_6.1-1	Northern_Ural_4n	67.02145	65.13496	4	A. lyrata	ERR12742571	PRJEB67879
PU_6.1-2	Northern_Ural_4n	67.02145	65.13496	4	A. lyrata	ERR12742570	PRJEB67879
PU_6.2-1	Northern_Ural_4n	67.02145	65.13496	4	A. lyrata	ERR12742569	PRJEB67879
PU_6.2-2	Northern_Ural_4n	67.02145	65.13496	4	A. lyrata	ERR12742568	PRJEB67879
PU_6.3-1	Northern_Ural_4n	67.02145	65.13496	4	A. lyrata	ERR12742567	PRJEB67879
PU_6.3-2	Northern_Ural_4n	67.02145	65.13496	4	A. lyrata	ERR12742566	PRJEB67879
PU_6.4-1	Northern_Ural_4n	67.02145	65.13496	4	A. lyrata	ERR12742565	PRJEB67879
PU_6.4-2	Northern_Ural_4n	67.02145	65.13496	4	A. lyrata	ERR12742564	PRJEB67879
PU_6.5-1	Northern_Ural_4n	67.02145	65.13496	4	A. lyrata	ERR12742563	PRJEB67879
PU_6.5-2_4n	Northern_Ural_4n	67.02145	65.13496	4	A. lyrata	ERR12742562	PRJEB67879
PU_6.6-1	Northern_Ural_4n	67.02145	65.13496	4	A. lyrata	ERR12742561	PRJEB67879
PU_6.6-2	Northern_Ural_4n	67.02145	65.13496	4	A. lyrata	ERR12742560	PRJEB67879
PU_6.7-1	Northern_Ural_4n	67.02145	65.13496	4	A. lyrata	ERR12742559	PRJEB67879
PU_6.7-2	Northern_Ural_4n	67.02145	65.13496	4	A. lyrata	ERR12742558	PRJEB67879
PU_6.8-1	Northern_Ural_4n	67.02145	65.13496	4	A. lyrata	ERR12742557	PRJEB67879
PU_6.8-2	Northern_Ural_4n	67.02145	65.13496	4	A. lyrata	ERR12742556	PRJEB67879
PU_6mix-1	Northern_Ural_4n	67.02145	65.13496	4	A. lyrata	ERR12742555	PRJEB67879
PU_6mix-2	Northern_Ural_4n	67.02145	65.13496	4	A. lyrata	ERR12742554	PRJEB67879
PU_7.1-1	Northern_Ural_4n	67.00682	65.13496	4	A. lyrata	ERR12742553	PRJEB67879
PU_7.1-2	Northern_Ural_4n	67.00682	65.08945	4	A. lyrata	ERR12742552	PRJEB67879
PU_7.2-1	Northern_Ural_4n	67.00682	65.08945	4	A. lyrata	ERR12742551	PRJEB67879
PU_7.2-2	Northern_Ural_4n	67.00682	65.08945	4	A. lyrata	ERR12742550	PRJEB67879
PU_7mix-1	Northern_Ural_4n	67.00682	65.08945	4	A. lyrata	ERR12742549	PRJEB67879
PU_7mix-2	Northern_Ural_4n	67.00682	65.08945	4	A. lyrata	ERR12742548	PRJEB67879
TE_10.1-1	West_Siberia_2n	68.91428	77.66211	2	A. lyrata	ERR12742547	PRJEB67879
TE_10.1-2	West_Siberia_2n	68.91428	77.66211	2	A. lyrata	ERR12742546	PRJEB67879
TE_10.2-1	West_Siberia_2n	68.91428	77.66211	2	A. lyrata	ERR12742545	PRJEB67879
TE_10.2-2	West_Siberia_2n	68.91428	77.66211	2	A. lyrata	ERR12742544	PRJEB67879
TE_10.3-1	West_Siberia_2n	68.91428	77.66211	2	A. lyrata	ERR12742543	PRJEB67879
TE_10.4-1	West_Siberia_2n	68.91428	77.66211	2	A. lyrata	ERR12742542	PRJEB67879
TE_10.4-2	West_Siberia_2n	68.91428	77.66211	2	A. lyrata	ERR12742541	PRJEB67879
TE_10.5-1	West_Siberia_2n	68.91428	77.66211	2	A. lyrata	ERR12742540	PRJEB67879
TE_10.5-2	West_Siberia_2n	68.91428	77.66211	2	A. lyrata	ERR12742539	PRJEB67879
TE_10.6-1	West_Siberia_2n	68.91428	77.66211	2	A. lyrata	ERR12742538	PRJEB67879
TE_10.6-2	West_Siberia_2n	68.91428	77.66211	2	A. lyrata	ERR12742537	PRJEB67879
TE_10.7-1	West_Siberia_2n	68.91428	77.66211	2	A. lyrata	ERR12742536	PRJEB67879
TE_10.7-2	West_Siberia_2n	68.91428	77.66211	2	A. lyrata	ERR12742535	PRJEB67879
TE_10.8-1	West_Siberia_2n	68.91428	77.66211	2	A. lyrata	ERR12742534	PRJEB67879
TE_10.8-2	West_Siberia_2n	68.91428	77.66211	2	A. lyrata	ERR12742533	PRJEB67879
TE_10.9-1	West_Siberia_2n	68.91428	77.66211	2	A. lyrata	ERR12742532	PRJEB67879
TE_10.9-2	West_Siberia_2n	68.91428	77.66211	2	A. lyrata	ERR12742531	PRJEB67879
TE_11.1-1	West_Siberia_2n	68.94298	77.75131	2	A. lyrata	ERR12742530	PRJEB67879
TE_11.10-1	West_Siberia_2n	68.94298	77.75131	2	A. lyrata	ERR12742529	PRJEB67879
TE_11.10-2	West_Siberia_2n	68.94298	77.75131	2	A. lyrata	ERR12742528	PRJEB67879
TE_11.2-1	West_Siberia_2n	68.94298	77.75131	2	A. lyrata	ERR12742527	PRJEB67879
TE_11.2-2	West_Siberia_2n	68.94298	77.75131	2	A. lyrata	ERR12742526	PRJEB67879
TE_11.3-1	West_Siberia_2n	68.94298	77.75131	2	A. lyrata	ERR12742525	PRJEB67879
TE_11.3-2	West_Siberia_2n	68.94298	77.75131	2	A. lyrata	ERR12742524	PRJEB67879
TE_11.4-1	West_Siberia_2n	68.94298	77.75131	2	A. lyrata	ERR12742523	PRJEB67879
TE_11.4-2	West_Siberia_2n	68.94298	77.75131	2	A. lyrata	ERR12742522	PRJEB67879
TE_11.5-1	West_Siberia_2n	68.94298	77.75131	2	A. lyrata	ERR12742521	PRJEB67879
TE_11.5-2	West_Siberia_2n	68.94298	77.75131	2	A. lyrata	ERR12742520	PRJEB67879
TE_11.6-1	West_Siberia_2n	68.94298	77.75131	2	A. lyrata	ERR12742519	PRJEB67879
TE_11.6-2	West_Siberia_2n	68.94298	77.75131	2	A. lyrata	ERR12742518	PRJEB67879
TE_11.7-1	West_Siberia_2n	68.94298	77.75131	2	A. lyrata	ERR12742517	PRJEB67879
TE_11.7-2	West_Siberia_2n	68.94298	77.75131	2	A. lyrata	ERR12742516	PRJEB67879
TE_11.8-1	West_Siberia_2n	68.94298	77.75131	2	A. lyrata	ERR12742515	PRJEB67879
TE_11.8-2	West_Siberia_2n	68.94298	77.75131	2	A. lyrata	ERR12742514	PRJEB67879
TE_11.9-1	West_Siberia_2n	68.94298	77.75131	2	A. lyrata	ERR12742513	PRJEB67879
TE_11.9-2	West_Siberia_2n	68.94298	77.75131	2	A. lyrata	ERR12742512	PRJEB67879
TE_3.1-1	West_Siberia_2n	68.72591	77.74032	2	A. lyrata	ERR12742511	PRJEB67879
TE_3.1-2	West_Siberia_2n	68.72591	77.74032	2	A. lyrata	ERR12742510	PRJEB67879
TE_3.2-1	West_Siberia_2n	68.72591	77.74032	2	A. lyrata	ERR12742509	PRJEB67879
TE_3.2-2	West_Siberia_2n	68.72591	77.74032	2	A. lyrata	ERR12742508	PRJEB67879
TE_3.3-1	West_Siberia_2n	68.72591	77.74032	2	A. lyrata	ERR12742507	PRJEB67879
TE_3.3-2	West_Siberia_2n	68.72591	77.74032	2	A. lyrata	ERR12742506	PRJEB67879
TE_3.4-1	West_Siberia_2n	68.72591	77.74032	2	A. lyrata	ERR12742505	PRJEB67879
TE_3.4-2	West_Siberia_2n	68.72591	77.74032	2	A. lyrata	ERR12742504	PRJEB67879
TE_3.5-1	West_Siberia_2n	68.72591	77.74032	2	A. lyrata	ERR12742503	PRJEB67879
TE_3.5-2	West_Siberia_2n	68.72591	77.74032	2	A. lyrata	ERR12742502	PRJEB67879
TE_3.6-1	West_Siberia_2n	68.72591	77.74032	2	A. lyrata	ERR12742501	PRJEB67879
TE_3.6-2	West_Siberia_2n	68.72591	77.74032	2	A. lyrata	ERR12742500	PRJEB67879
TE_3.7-1	West_Siberia_2n	68.72591	77.74032	2	A. lyrata	ERR12742499	PRJEB67879
TE_3.7-2	West_Siberia_2n	68.72591	77.74032	2	A. lyrata	ERR12742498	PRJEB67879
TE_3.8-1	West_Siberia_2n	68.72591	77.74032	2	A. lyrata	ERR12742497	PRJEB67879
TE_3.8-2	West_Siberia_2n	68.72591	77.74032	2	A. lyrata	ERR12742496	PRJEB67879
TE_3.9-1	West_Siberia_2n	68.72591	77.74032	2	A. lyrata	ERR12742495	PRJEB67879
TE_3.9-2	West_Siberia_2n	68.72591	77.74032	2	A. lyrata	ERR12742494	PRJEB67879
TE_4.10-1	West_Siberia_2n	68.79245	77.68399	2	A. lyrata	ERR12742493	PRJEB67879
TE_4.10-2	West_Siberia_2n	68.79245	77.68399	2	A. lyrata	ERR12742492	PRJEB67879
TE_4.11-1	West_Siberia_2n	68.79245	77.68399	2	A. lyrata	ERR12742491	PRJEB67879
TE_4.11-2	West_Siberia_2n	68.79245	77.68399	2	A. lyrata	ERR12742490	PRJEB67879
TE_4.2-1	West_Siberia_2n	68.79245	77.68399	2	A. lyrata	ERR12742489	PRJEB67879
TE_4.2-2	West_Siberia_2n	68.79245	77.68399	2	A. lyrata	ERR12742488	PRJEB67879
TE_4.3-1	West_Siberia_2n	68.79245	77.68399	2	A. lyrata	ERR12742487	PRJEB67879
TE_4.3-2	West_Siberia_2n	68.79245	77.68399	2	A. lyrata	ERR12742486	PRJEB67879
TE_4.4-1	West_Siberia_2n	68.79245	77.68399	2	A. lyrata	ERR12742485	PRJEB67879
TE_4.4-2	West_Siberia_2n	68.79245	77.68399	2	A. lyrata	ERR12742484	PRJEB67879
TE_4.5-1	West_Siberia_2n	68.79245	77.68399	2	A. lyrata	ERR12742483	PRJEB67879
TE_4.5-2	West_Siberia_2n	68.79245	77.68399	2	A. lyrata	ERR12742482	PRJEB67879
TE_4.6-1	West_Siberia_2n	68.79245	77.68399	2	A. lyrata	ERR12742481	PRJEB67879
TE_4.6-2	West_Siberia_2n	68.79245	77.68399	2	A. lyrata	ERR12742480	PRJEB67879
TE_4.7-1	West_Siberia_2n	68.79245	77.68399	2	A. lyrata	ERR12742479	PRJEB67879
TE_4.8-1	West_Siberia_2n	68.79245	77.68399	2	A. lyrata	ERR12742478	PRJEB67879
TE_4.8-2	West_Siberia_2n	68.79245	77.68399	2	A. lyrata	ERR12742477	PRJEB67879
TE_4.9-1	West_Siberia_2n	68.79245	77.68399	2	A. lyrata	ERR12742476	PRJEB67879
TE_4.9-2	West_Siberia_2n	68.79245	77.68399	2	A. lyrata	ERR12742475	PRJEB67879
TE_5.1-1	West_Siberia_2n	68.79682	77.68553	2	A. lyrata	ERR12742474	PRJEB67879
TE_5.1-2	West_Siberia_2n	68.79682	77.68553	2	A. lyrata	ERR12742473	PRJEB67879
TE_5.10-1	West_Siberia_2n	68.79682	77.68553	2	A. lyrata	ERR12742472	PRJEB67879
TE_5.10-2	West_Siberia_2n	68.79682	77.68553	2	A. lyrata	ERR12742471	PRJEB67879
TE_5.2-1	West_Siberia_2n	68.79682	77.68553	2	A. lyrata	ERR12742470	PRJEB67879
TE_5.2-2	West_Siberia_2n	68.79682	77.68553	2	A. lyrata	ERR12742469	PRJEB67879
TE_5.3-1	West_Siberia_2n	68.79682	77.68553	2	A. lyrata	ERR12742468	PRJEB67879
TE_5.3-2	West_Siberia_2n	68.79682	77.68553	2	A. lyrata	ERR12742467	PRJEB67879
TE_5.4-1	West_Siberia_2n	68.79682	77.68553	2	A. lyrata	ERR12742466	PRJEB67879
TE_5.4-2	West_Siberia_2n	68.79682	77.68553	2	A. lyrata	ERR12742465	PRJEB67879
TE_5.5-1	West_Siberia_2n	68.79682	77.68553	2	A. lyrata	ERR12742464	PRJEB67879
TE_5.5-2	West_Siberia_2n	68.79682	77.68553	2	A. lyrata	ERR12742463	PRJEB67879
TE_5.6-1	West_Siberia_2n	68.79682	77.68553	2	A. lyrata	ERR12742462	PRJEB67879
TE_5.6-2	West_Siberia_2n	68.79682	77.68553	2	A. lyrata	ERR12742461	PRJEB67879
TE_5.7-1	West_Siberia_2n	68.79682	77.68553	2	A. lyrata	ERR12742460	PRJEB67879
TE_5.7-2	West_Siberia_2n	68.79682	77.68553	2	A. lyrata	ERR12742459	PRJEB67879
TE_5.8-1	West_Siberia_2n	68.79682	77.68553	2	A. lyrata	ERR12742458	PRJEB67879
TE_5.8-2	West_Siberia_2n	68.79682	77.68553	2	A. lyrata	ERR12742457	PRJEB67879
TE_5.9-1	West_Siberia_2n	68.79682	77.68553	2	A. lyrata	ERR12742456	PRJEB67879
TE_5.9-2	West_Siberia_2n	68.79682	77.68553	2	A. lyrata	ERR12742455	PRJEB67879
TE_6.1-1	West_Siberia_2n	68.79633	77.75588	2	A. lyrata	ERR12742454	PRJEB67879
TE_6.1-2	West_Siberia_2n	68.79633	77.75588	2	A. lyrata	ERR12742453	PRJEB67879
TE_6.2-1	West_Siberia_2n	68.79633	77.75588	2	A. lyrata	ERR12742452	PRJEB67879
TE_6.2-2	West_Siberia_2n	68.79633	77.75588	2	A. lyrata	ERR12742451	PRJEB67879
TE_7.1-1	West_Siberia_2n	68.79345	77.78109	2	A. lyrata	ERR12742450	PRJEB67879
TE_7.1-2	West_Siberia_2n	68.79345	77.78109	2	A. lyrata	ERR12742449	PRJEB67879
TE_7.2-1	West_Siberia_2n	68.79345	77.78109	2	A. lyrata	ERR12742448	PRJEB67879
TE_7.2-2	West_Siberia_2n	68.79345	77.78109	2	A. lyrata	ERR12742447	PRJEB67879
TE_7.3-1	West_Siberia_2n	68.79345	77.78109	2	A. lyrata	ERR12742446	PRJEB67879
TE_7.3-2	West_Siberia_2n	68.79345	77.78109	2	A. lyrata	ERR12742445	PRJEB67879
TE_7.4-1	West_Siberia_2n	68.79345	77.78109	2	A. lyrata	ERR12742444	PRJEB67879
TE_7.4-2	West_Siberia_2n	68.79345	77.78109	2	A. lyrata	ERR12742443	PRJEB67879
TE_7.5-1	West_Siberia_2n	68.79345	77.78109	2	A. lyrata	ERR12742442	PRJEB67879
TE_7.5-2	West_Siberia_2n	68.79345	77.78109	2	A. lyrata	ERR12742441	PRJEB67879
TE_7.6-1	West_Siberia_2n	68.79345	77.78109	2	A. lyrata	ERR12742440	PRJEB67879
TE_7.6-2	West_Siberia_2n	68.79345	77.78109	2	A. lyrata	ERR12742439	PRJEB67879
TE_7.7-1	West_Siberia_2n	68.79345	77.78109	2	A. lyrata	ERR12742438	PRJEB67879
TE_7.7-2	West_Siberia_2n	68.79345	77.78109	2	A. lyrata	ERR12742437	PRJEB67879
TE_7.8-1	West_Siberia_2n	68.79345	77.78109	2	A. lyrata	ERR12742436	PRJEB67879
TE_7.8-2	West_Siberia_2n	68.79345	77.78109	2	A. lyrata	ERR12742435	PRJEB67879
TE_7.9-1	West_Siberia_2n	68.79345	77.78109	2	A. lyrata	ERR12742434	PRJEB67879
TE_7.9-2	West_Siberia_2n	68.79345	77.78109	2	A. lyrata	ERR12742433	PRJEB67879
TE_7mix-1	West_Siberia_2n	68.79345	77.78109	2	A. lyrata	ERR12742432	PRJEB67879
TE_7mix-2	West_Siberia_2n	68.79345	77.78109	2	A. lyrata	ERR12742431	PRJEB67879
TE_8.1-1	West_Siberia_2n	68.86441	77.6911	2	A. lyrata	ERR12742430	PRJEB67879
TE_8.1-2	West_Siberia_2n	68.86441	77.6911	2	A. lyrata	ERR12742429	PRJEB67879
TE_8.10-1	West_Siberia_2n	68.86441	77.6911	2	A. lyrata	ERR12742428	PRJEB67879
TE_8.10-2	West_Siberia_2n	68.86441	77.6911	2	A. lyrata	ERR12742427	PRJEB67879
TE_8.2-1	West_Siberia_2n	68.86441	77.6911	2	A. lyrata	ERR12742426	PRJEB67879
TE_8.2-2	West_Siberia_2n	68.86441	77.6911	2	A. lyrata	ERR12742425	PRJEB67879
TE_8.3-1	West_Siberia_2n	68.86441	77.6911	2	A. lyrata	ERR12742424	PRJEB67879
TE_8.3-2	West_Siberia_2n	68.86441	77.6911	2	A. lyrata	ERR12742423	PRJEB67879
TE_8.4-1	West_Siberia_2n	68.86441	77.6911	2	A. lyrata	ERR12742422	PRJEB67879
TE_8.4-2	West_Siberia_2n	68.86441	77.6911	2	A. lyrata	ERR12742421	PRJEB67879
TE_8.5-1	West_Siberia_2n	68.86441	77.6911	2	A. lyrata	ERR12742420	PRJEB67879
TE_8.5-2	West_Siberia_2n	68.86441	77.6911	2	A. lyrata	ERR12742419	PRJEB67879
TE_8.6-1	West_Siberia_2n	68.86441	77.6911	2	A. lyrata	ERR12742418	PRJEB67879
TE_8.6-2	West_Siberia_2n	68.86441	77.6911	2	A. lyrata	ERR12742417	PRJEB67879
TE_8.7-1	West_Siberia_2n	68.86441	77.6911	2	A. lyrata	ERR12742416	PRJEB67879
TE_8.7-2	West_Siberia_2n	68.86441	77.6911	2	A. lyrata	ERR12742415	PRJEB67879
TE_8.8-1	West_Siberia_2n	68.86441	77.6911	2	A. lyrata	ERR12742414	PRJEB67879
TE_8.8-2	West_Siberia_2n	68.86441	77.6911	2	A. lyrata	ERR12742413	PRJEB67879
TE_8.9-1	West_Siberia_2n	68.86441	77.6911	2	A. lyrata	ERR12742412	PRJEB67879
TE_8.9-2	West_Siberia_2n	68.86441	77.6911	2	A. lyrata	ERR12742411	PRJEB67879
TE_8mix-1	West_Siberia_2n	68.86441	77.6911	2	A. lyrata	ERR12742410	PRJEB67879
TE_8mix-2	West_Siberia_2n	68.86441	77.6911	2	A. lyrata	ERR12742409	PRJEB67879
TE_9.1-1	West_Siberia_2n	68.91428	77.66211	2	A. lyrata	ERR12742408	PRJEB67879
TE_9.1-2	West_Siberia_2n	68.91428	77.66211	2	A. lyrata	ERR12742407	PRJEB67879
WS_1.1-1	Northern_Ural_4n	66.53735	34.50509	4	A. lyrata	ERR12742406	PRJEB67879
WS_1.1-2	Northern_Ural_4n	66.53735	34.50509	4	A. lyrata	ERR12742405	PRJEB67879
WS_1.2-1	Northern_Ural_4n	66.53735	34.50509	4	A. lyrata	ERR12742404	PRJEB67879
WS_1.2-2	Northern_Ural_4n	66.53735	34.50509	4	A. lyrata	ERR12742403	PRJEB67879
WS_1.3-1	Northern_Ural_4n	66.53735	34.50509	4	A. lyrata	ERR12742402	PRJEB67879
WS_1.3-2	Northern_Ural_4n	66.53735	34.50509	4	A. lyrata	ERR12742401	PRJEB67879
WS_1.4-1	Northern_Ural_4n	66.53735	34.50509	4	A. lyrata	ERR12742400	PRJEB67879
WS_1.4-2	Northern_Ural_4n	66.53735	34.50509	4	A. lyrata	ERR12742399	PRJEB67879
WS_1.5-1	Northern_Ural_4n	66.53735	34.50509	4	A. lyrata	ERR12742398	PRJEB67879
WS_1.5-2	Northern_Ural_4n	66.53735	34.50509	4	A. lyrata	ERR12742397	PRJEB67879
WS_1.6-1	Northern_Ural_4n	66.53735	34.50509	4	A. lyrata	ERR12742396	PRJEB67879
WS_1.6-2	Northern_Ural_4n	66.53735	34.50509	4	A. lyrata	ERR12742395	PRJEB67879
WS_1.7-1	Northern_Ural_4n	66.53735	34.50509	4	A. lyrata	ERR12742394	PRJEB67879
WS_1.7-2	Northern_Ural_4n	66.53735	34.50509	4	A. lyrata	ERR12742393	PRJEB67879
SRR2040769	North_America_2n	63.1	-69.72	2	A. lyrata	SRR2040769	PRJNA284572
SRR2040770	North_America_2n	56.54	-79.22	2	A. lyrata	SRR2040770	PRJNA284572
SRR2040788	North_America_2n	42.26	-81.84	2	A. lyrata	SRR2040788	PRJNA284572
SRR2040789	North_America_2n	43.25	-81.85	2	A. lyrata	SRR2040789	PRJNA284572
SRR2040790	Central_Europe_2n	49.62	11.51	2	A. lyrata	SRR2040790	PRJNA284572
SRR2040791	Central_Europe_2n	49.11	16.3	2	A. lyrata	SRR2040791	PRJNA284572
SRR2040793	Scandinavia_UK_2n	57	-3.11	2	A. lyrata	SRR2040793	PRJNA284572
SRR2040794	Scandinavia_UK_2n	56.4	-4.81	2	A. lyrata	SRR2040794	PRJNA284572
SRR2040795	Karelia_2n	62.9	34.41	2	A. lyrata	SRR2040795	PRJNA284572
SRR2040796	exclude	62.9	34.41	unsure	A. lyrata	SRR2040796	PRJNA284572
SRR2040797	Central_Europe_2n	47.91	15.97	2	A. lyrata	SRR2040797	PRJNA284572
SRR2040798	Central_Europe_2n	49.73	12.99	2	A. lyrata	SRR2040798	PRJNA284572
SRR2040804	East_Siberia_2n	71.04	127.52	2	A. lyrata	SRR2040804	PRJNA284572
SRR2040805	Northern_Ural_4n	66.9	58.55	4	A. lyrata	SRR2040805	PRJNA284572
SRR2040806	East_Siberia_SC	68.8	160.3	2	A. lyrata	SRR2040806	PRJNA284572
SRR2040826	Central_Europe_4n	48.07	16.26	4	A. lyrata	SRR2040826	PRJNA284572
SRR2040827	Central_Europe_4n	47.98	15.56	4	A. lyrata	SRR2040827	PRJNA284572
SRR2040828	Central_Europe_4n	48.23	15.34	4	A. lyrata	SRR2040828	PRJNA284572
SRR2040830	Central_Europe_4n	48.39	15.48	4	A. lyrata	SRR2040830	PRJNA284572
SRR3111439	Central_Europe_2n	49.75	11.42	2	A. lyrata	SRR3111439	PRJNA284572
SRR3111440	Central_Europe_2n	47.91	15.97	2	A. lyrata	SRR3111440	PRJNA284572
SRR3111441	Central_Europe_2n	47.97	16.16	2	A. lyrata	SRR3111441	PRJNA284572
SRR3111442	Central_Europe_2n	49.11	16.3	2	A. lyrata	SRR3111442	PRJNA284572
SRR3111443	Central_Europe_2n	50.06	14.07	2	A. lyrata	SRR3111443	PRJNA284572
SRR3111448	Central_Europe_4n	49.08	16.33	4	A. lyrata	SRR3111448	PRJNA284572
SRR5124974	Karelia_2n	62.9166667	34.41666667	2	A. lyrata	SRR5124974	PRJNA357372
SRR5124975	Central_Europe_2n	49.65	11.48333333	2	A. lyrata	SRR5124975	PRJNA357372
SRR5124976	Scandinavia_UK_2n	57.5033	-6.1975	2	A. lyrata	SRR5124976	PRJNA357372
SRR5124977	Scandinavia_UK_2n	61.6333333	8.4	2	A. lyrata	SRR5124977	PRJNA357372
SRR5124978	Scandinavia_UK_2n	63.2166667	18.95	2	A. lyrata	SRR5124978	PRJNA357372
SRR5124979	North_America_2n	36.4166667	-79.9666667	2	A. lyrata	SRR5124979	PRJNA357372
SRR5124980	Karelia_2n	62.9166667	34.41666667	2	A. lyrata	SRR5124980	PRJNA357372
SRR5124981	North_America_2n	36.4166667	-79.9666667	2	A. lyrata	SRR5124981	PRJNA357372
SRR5124982	Scandinavia_UK_2n	63.2166667	18.95	2	A. lyrata	SRR5124982	PRJNA357372
SRR5124983	Scandinavia_UK_2n	61.6333333	8.4	2	A. lyrata	SRR5124983	PRJNA357372
SRR5124984	Central_Europe_2n	49.65	11.48333333	2	A. lyrata	SRR5124984	PRJNA357372
SRR5124985	Scandinavia_UK_2n	61.6333333	8.4	2	A. lyrata	SRR5124985	PRJNA357372
SRR5124986	Central_Europe_2n	49.65	11.48333333	2	A. lyrata	SRR5124986	PRJNA357372
SRR5124987	Scandinavia_UK_2n	63.2166667	18.95	2	A. lyrata	SRR5124987	PRJNA357372
SRR5124988	Scandinavia_UK_2n	57.5033	-6.1975	2	A. lyrata	SRR5124988	PRJNA357372
SRR5124989	Central_Europe_2n	49.65	11.48333333	2	A. lyrata	SRR5124989	PRJNA357372
SRR5124990	Central_Europe_2n	49.65	11.48333333	2	A. lyrata	SRR5124990	PRJNA357372
SRR5124991	North_America_2n	36.4166667	-79.9666667	2	A. lyrata	SRR5124991	PRJNA357372
SRR5124992	North_America_2n	36.4166667	-79.9666667	2	A. lyrata	SRR5124992	PRJNA357372
SRR5124993	Karelia_2n	62.9166667	34.41666667	2	A. lyrata	SRR5124993	PRJNA357372
SRR5124994	North_America_2n	36.4166667	-79.9666667	2	A. lyrata	SRR5124994	PRJNA357372
SRR5124995	Scandinavia_UK_2n	63.2166667	18.95	2	A. lyrata	SRR5124995	PRJNA357372
SRR5124996	Scandinavia_UK_2n	63.2166667	18.95	2	A. lyrata	SRR5124996	PRJNA357372
SRR5124997	Scandinavia_UK_2n	61.6333333	8.4	2	A. lyrata	SRR5124997	PRJNA357372
SRR5124998	Scandinavia_UK_2n	61.6333333	8.4	2	A. lyrata	SRR5124998	PRJNA357372
SRR5124999	Scandinavia_UK_2n	61.6333333	8.4	2	A. lyrata	SRR5124999	PRJNA357372
SRR5125000	North_America_2n	36.4166667	-79.9666667	2	A. lyrata	SRR5125000	PRJNA357372
SRR5125001	Karelia_2n	62.9166667	34.41666667	2	A. lyrata	SRR5125001	PRJNA357372
SRR5125002	Scandinavia_UK_2n	63.2166667	18.95	2	A. lyrata	SRR5125002	PRJNA357372
SRR5125003	Central_Europe_2n	49.65	11.48333333	2	A. lyrata	SRR5125003	PRJNA357372
SRR7119523	Scandinavia_UK_2n	62.66	8.62	2	A. lyrata	SRR7119523	PRJNA459481
SRR7119524	Scandinavia_UK_2n	62.66	8.62	2	A. lyrata	SRR7119524	PRJNA459481
SRR7119525	Scandinavia_UK_2n	62.66	8.62	2	A. lyrata	SRR7119525	PRJNA459481
SRR7119526	Scandinavia_UK_2n	62.66	8.62	2	A. lyrata	SRR7119526	PRJNA459481
SRR7119527	Scandinavia_UK_2n	62.44	8.9	2	A. lyrata	SRR7119527	PRJNA459481
SRR7119528	Scandinavia_UK_2n	62.44	8.9	2	A. lyrata	SRR7119528	PRJNA459481
SRR7119529	Scandinavia_UK_2n	62.44	8.9	2	A. lyrata	SRR7119529	PRJNA459481
SRR7119530	Scandinavia_UK_2n	62.44	8.9	2	A. lyrata	SRR7119530	PRJNA459481
SRR7119531	Scandinavia_UK_2n	62.44	8.9	2	A. lyrata	SRR7119531	PRJNA459481
SRR7119532	Scandinavia_UK_2n	61.62	8.4	2	A. lyrata	SRR7119532	PRJNA459481
SRR7119533	Scandinavia_UK_2n	61.84	8.57	2	A. lyrata	SRR7119533	PRJNA459481
SRR7119534	Scandinavia_UK_2n	61.84	8.57	2	A. lyrata	SRR7119534	PRJNA459481
SRR7119535	Scandinavia_UK_2n	61.84	8.57	2	A. lyrata	SRR7119535	PRJNA459481
SRR7119536	Scandinavia_UK_2n	61.84	8.57	2	A. lyrata	SRR7119536	PRJNA459481
SRR7119537	Scandinavia_UK_2n	61.84	8.57	2	A. lyrata	SRR7119537	PRJNA459481
SRR7119539	Scandinavia_UK_2n	61.84	8.57	2	A. lyrata	SRR7119539	PRJNA459481
SRR7119540	Scandinavia_UK_2n	61.84	8.57	2	A. lyrata	SRR7119540	PRJNA459481
SRR7119541	Scandinavia_UK_2n	61.84	8.57	2	A. lyrata	SRR7119541	PRJNA459481
SRR7119542	Scandinavia_UK_2n	62.66	8.62	2	A. lyrata	SRR7119542	PRJNA459481
SRR7119543	Scandinavia_UK_2n	61.62	8.4	2	A. lyrata	SRR7119543	PRJNA459481
SRR7119544	Scandinavia_UK_2n	61.62	8.4	2	A. lyrata	SRR7119544	PRJNA459481
SRR7119545	Scandinavia_UK_2n	61.62	8.4	2	A. lyrata	SRR7119545	PRJNA459481
SRR7119546	Scandinavia_UK_2n	61.62	8.4	2	A. lyrata	SRR7119546	PRJNA459481
SRR7119547	Scandinavia_UK_2n	61.62	8.4	2	A. lyrata	SRR7119547	PRJNA459481
SRR7119548	Scandinavia_UK_2n	61.62	8.4	2	A. lyrata	SRR7119548	PRJNA459481
SRR9319641	Scandinavia_UK_2n	62.74	9.3	2	A. lyrata	SRR9319641	PRJNA459481
SRR9319642	Scandinavia_UK_2n	62.74	9.3	2	A. lyrata	SRR9319642	PRJNA459481
SRR9319643	Scandinavia_UK_2n	62.74	9.3	2	A. lyrata	SRR9319643	PRJNA459481
SRR9319644	Scandinavia_UK_2n	62.74	9.3	2	A. lyrata	SRR9319644	PRJNA459481
SRR9319645	Scandinavia_UK_2n	62.74	9.3	2	A. lyrata	SRR9319645	PRJNA459481
SRR9319646	Scandinavia_UK_2n	62.74	9.3	2	A. lyrata	SRR9319646	PRJNA459481
SRR9319647	Scandinavia_UK_2n	62.74	9.3	2	A. lyrata	SRR9319647	PRJNA459481
SRR9319648	Scandinavia_UK_2n	62.74	9.3	2	A. lyrata	SRR9319648	PRJNA459481
SRR9319649	Scandinavia_UK_2n	62.74	9.3	2	A. lyrata	SRR9319649	PRJNA459481
ERR2182749	North_America_2n			2	A. lyrata	ERR2182749	PRJEB23202
ERR2182750	North_America_2n			2	A. lyrata	ERR2182750	PRJEB23202
ERR2182751	North_America_2n			2	A. lyrata	ERR2182751	PRJEB23202
ERR2182752	North_America_2n			2	A. lyrata	ERR2182752	PRJEB23202
ERR2182753	North_America_2n			2	A. lyrata	ERR2182753	PRJEB23202
ERR2182754	North_America_2n			2	A. lyrata	ERR2182754	PRJEB23202
ERR2182755	North_America_2n			2	A. lyrata	ERR2182755	PRJEB23202
ERR2182757	North_America_2n			2	A. lyrata	ERR2182757	PRJEB23202
ERR2182758	North_America_2n			2	A. lyrata	ERR2182758	PRJEB23202
ERR2182759	North_America_2n			2	A. lyrata	ERR2182759	PRJEB23202
ERR2182760	North_America_2n			2	A. lyrata	ERR2182760	PRJEB23202
ERR2182761	North_America_2n			2	A. lyrata	ERR2182761	PRJEB23202
ERR2182762	North_America_2n			2	A. lyrata	ERR2182762	PRJEB23202
ERR2182763	North_America_2n			2	A. lyrata	ERR2182763	PRJEB23202
ERR2182764	North_America_2n			2	A. lyrata	ERR2182764	PRJEB23202
ERR2182765	North_America_2n			2	A. lyrata	ERR2182765	PRJEB23202
ERR2182766	North_America_2n			2	A. lyrata	ERR2182766	PRJEB23202
ERR2182767	North_America_2n			2	A. lyrata	ERR2182767	PRJEB23202
ERR2182768	North_America_2n			2	A. lyrata	ERR2182768	PRJEB23202
ERR2182769	North_America_2n			2	A. lyrata	ERR2182769	PRJEB23202
ERR2182770	North_America_2n			2	A. lyrata	ERR2182770	PRJEB23202
ERR2182771	North_America_2n			2	A. lyrata	ERR2182771	PRJEB23202
ERR2182772	North_America_2n			2	A. lyrata	ERR2182772	PRJEB23202
ERR3014183	North_America_2n			2	A. lyrata	ERR3014183	PRJEB30473
ERR3014185	North_America_2n			2	A. lyrata	ERR3014185	PRJEB30473
ERR3014187	North_America_2n			2	A. lyrata	ERR3014187	PRJEB30473
ERR3014189	North_America_2n			2	A. lyrata	ERR3014189	PRJEB30473
ERR3014191	North_America_2n			2	A. lyrata	ERR3014191	PRJEB30473
ERR3014193	North_America_2n			2	A. lyrata	ERR3014193	PRJEB30473
ERR3014195	North_America_2n			2	A. lyrata	ERR3014195	PRJEB30473
ERR3014197	North_America_2n			2	A. lyrata	ERR3014197	PRJEB30473
ERR3014199	North_America_2n			2	A. lyrata	ERR3014199	PRJEB30473
ERR3014201	North_America_2n			2	A. lyrata	ERR3014201	PRJEB30473
ERR3014203	North_America_2n			2	A. lyrata	ERR3014203	PRJEB30473
ERR3014205	North_America_2n			2	A. lyrata	ERR3014205	PRJEB30473
ERR3014207	North_America_2n			2	A. lyrata	ERR3014207	PRJEB30473
ERR3014209	North_America_2n			2	A. lyrata	ERR3014209	PRJEB30473
ERR3014211	North_America_2n			2	A. lyrata	ERR3014211	PRJEB30473
ERR3014213	North_America_2n			2	A. lyrata	ERR3014213	PRJEB30473
ERR3014215	North_America_2n			2	A. lyrata	ERR3014215	PRJEB30473
ERR3014217	North_America_2n			2	A. lyrata	ERR3014217	PRJEB30473
ERR3014219	North_America_2n			2	A. lyrata	ERR3014219	PRJEB30473
ERR3014221	North_America_2n			2	A. lyrata	ERR3014221	PRJEB30473
ERR3014223	North_America_2n			2	A. lyrata	ERR3014223	PRJEB30473
ERR3014225	North_America_2n			2	A. lyrata	ERR3014225	PRJEB30473
ERR3014227	North_America_2n			2	A. lyrata	ERR3014227	PRJEB30473
ERR3014229	North_America_2n			2	A. lyrata	ERR3014229	PRJEB30473
ERR3014231	North_America_2n			2	A. lyrata	ERR3014231	PRJEB30473
ERR3014233	North_America_2n			2	A. lyrata	ERR3014233	PRJEB30473
ERR3014235	North_America_2n			2	A. lyrata	ERR3014235	PRJEB30473
ERR3014237	North_America_2n			2	A. lyrata	ERR3014237	PRJEB30473
ERR3014239	North_America_2n			2	A. lyrata	ERR3014239	PRJEB30473
ERR3014241	North_America_2n			2	A. lyrata	ERR3014241	PRJEB30473
ERR3014243	North_America_2n			2	A. lyrata	ERR3014243	PRJEB30473
ERR3014245	North_America_2n			2	A. lyrata	ERR3014245	PRJEB30473
ERR3014247	North_America_2n			2	A. lyrata	ERR3014247	PRJEB30473
ERR3014249	North_America_2n			2	A. lyrata	ERR3014249	PRJEB30473
ERR3014251	North_America_2n			2	A. lyrata	ERR3014251	PRJEB30473
ERR3014253	North_America_2n			2	A. lyrata	ERR3014253	PRJEB30473
ERR3014255	North_America_2n			2	A. lyrata	ERR3014255	PRJEB30473
ERR3014257	North_America_2n			2	A. lyrata	ERR3014257	PRJEB30473
ERR3014259	North_America_2n			2	A. lyrata	ERR3014259	PRJEB30473
ERR3014261	North_America_2n			2	A. lyrata	ERR3014261	PRJEB30473
ERR3014263	North_America_2n			2	A. lyrata	ERR3014263	PRJEB30473
ERR3014265	North_America_2n			2	A. lyrata	ERR3014265	PRJEB30473
ERR3014267	North_America_2n			2	A. lyrata	ERR3014267	PRJEB30473
ERR3014269	North_America_2n			2	A. lyrata	ERR3014269	PRJEB30473
ERR3014271	North_America_2n			2	A. lyrata	ERR3014271	PRJEB30473
ERR3014273	North_America_2n			2	A. lyrata	ERR3014273	PRJEB30473
ERR3014275	North_America_2n			2	A. lyrata	ERR3014275	PRJEB30473
ERR3014277	North_America_2n			2	A. lyrata	ERR3014277	PRJEB30473
ERR3014279	North_America_2n			2	A. lyrata	ERR3014279	PRJEB30473
ERR3014281	North_America_2n			2	A. lyrata	ERR3014281	PRJEB30473
ERR3014283	North_America_2n			2	A. lyrata	ERR3014283	PRJEB30473
ERR3014285	North_America_2n			2	A. lyrata	ERR3014285	PRJEB30473
ERR3014287	North_America_2n			2	A. lyrata	ERR3014287	PRJEB30473
ERR3014289	North_America_2n			2	A. lyrata	ERR3014289	PRJEB30473
ERR3014291	North_America_2n			2	A. lyrata	ERR3014291	PRJEB30473
ERR3014293	North_America_2n			2	A. lyrata	ERR3014293	PRJEB30473
ERR3014295	North_America_2n			2	A. lyrata	ERR3014295	PRJEB30473
ERR3014297	North_America_2n			2	A. lyrata	ERR3014297	PRJEB30473
ERR3014299	North_America_2n			2	A. lyrata	ERR3014299	PRJEB30473
ERR3014301	North_America_2n			2	A. lyrata	ERR3014301	PRJEB30473
ERR3014303	North_America_2n			2	A. lyrata	ERR3014303	PRJEB30473
ERR3014305	North_America_2n			2	A. lyrata	ERR3014305	PRJEB30473
ERR3014307	North_America_2n			2	A. lyrata	ERR3014307	PRJEB30473
ERR3014309	North_America_2n			2	A. lyrata	ERR3014309	PRJEB30473
ERR3014311	Central_Europe_2n			2	A. lyrata	ERR3014311	PRJEB30473
ERR3014313	Central_Europe_2n			2	A. lyrata	ERR3014313	PRJEB30473
ERR3014315	North_America_2n			2	A. lyrata	ERR3014315	PRJEB30473
ERR3014317	North_America_2n			2	A. lyrata	ERR3014317	PRJEB30473
ERR3014319	North_America_2n			2	A. lyrata	ERR3014319	PRJEB30473
ERR3014321	North_America_2n			2	A. lyrata	ERR3014321	PRJEB30473
ERR3014323	North_America_2n			2	A. lyrata	ERR3014323	PRJEB30473
ERR3014325	North_America_2n			2	A. lyrata	ERR3014325	PRJEB30473
ERR3014327	North_America_2n			2	A. lyrata	ERR3014327	PRJEB30473
ERR3014329	North_America_2n			2	A. lyrata	ERR3014329	PRJEB30473
ERR3014331	North_America_2n			2	A. lyrata	ERR3014331	PRJEB30473
ERR3014333	North_America_2n			2	A. lyrata	ERR3014333	PRJEB30473
ERR3014335	North_America_2n			2	A. lyrata	ERR3014335	PRJEB30473
ERR3014337	North_America_2n			2	A. lyrata	ERR3014337	PRJEB30473
ERR3014339	North_America_2n			2	A. lyrata	ERR3014339	PRJEB30473
ERR3014341	North_America_2n			2	A. lyrata	ERR3014341	PRJEB30473
ERR3014343	North_America_2n			2	A. lyrata	ERR3014343	PRJEB30473
ERR3014345	North_America_2n			2	A. lyrata	ERR3014345	PRJEB30473
ERR3014347	North_America_2n			2	A. lyrata	ERR3014347	PRJEB30473
ERR3014349	North_America_2n			2	A. lyrata	ERR3014349	PRJEB30473
ERR3014351	North_America_2n			2	A. lyrata	ERR3014351	PRJEB30473
ERR3014353	North_America_2n			2	A. lyrata	ERR3014353	PRJEB30473
ERR3014355	North_America_2n			2	A. lyrata	ERR3014355	PRJEB30473
ERR3014357	North_America_2n			2	A. lyrata	ERR3014357	PRJEB30473
ERR3014359	North_America_2n			2	A. lyrata	ERR3014359	PRJEB30473
ERR3014361	North_America_2n			2	A. lyrata	ERR3014361	PRJEB30473
ERR3014363	North_America_2n			2	A. lyrata	ERR3014363	PRJEB30473
ERR3014365	North_America_2n			2	A. lyrata	ERR3014365	PRJEB30473
ERR3014367	North_America_2n			2	A. lyrata	ERR3014367	PRJEB30473
ERR3014369	North_America_2n			2	A. lyrata	ERR3014369	PRJEB30473
ERR3014371	North_America_2n			2	A. lyrata	ERR3014371	PRJEB30473
ERR3014373	North_America_2n			2	A. lyrata	ERR3014373	PRJEB30473
ERR3014375	North_America_2n			2	A. lyrata	ERR3014375	PRJEB30473
ERR3014377	North_America_2n			2	A. lyrata	ERR3014377	PRJEB30473
ERR3014379	North_America_2n			2	A. lyrata	ERR3014379	PRJEB30473
ERR3014381	North_America_2n			2	A. lyrata	ERR3014381	PRJEB30473
ERR3014383	North_America_2n			2	A. lyrata	ERR3014383	PRJEB30473
ERR3014385	North_America_2n			2	A. lyrata	ERR3014385	PRJEB30473
ERR3014387	North_America_2n			2	A. lyrata	ERR3014387	PRJEB30473
ERR3014389	North_America_2n			2	A. lyrata	ERR3014389	PRJEB30473
ERR3014391	North_America_2n			2	A. lyrata	ERR3014391	PRJEB30473
ERR3014393	North_America_2n			2	A. lyrata	ERR3014393	PRJEB30473
ERR3014395	North_America_2n			2	A. lyrata	ERR3014395	PRJEB30473
ERR3014397	North_America_2n			2	A. lyrata	ERR3014397	PRJEB30473
ERR3014399	North_America_2n			2	A. lyrata	ERR3014399	PRJEB30473
ERR3014401	North_America_2n			2	A. lyrata	ERR3014401	PRJEB30473
ERR3014403	North_America_2n			2	A. lyrata	ERR3014403	PRJEB30473
ERR3014405	North_America_2n			2	A. lyrata	ERR3014405	PRJEB30473
ERR3014411	Central_Europe_2n			2	A. lyrata	ERR3014411	PRJEB30473
ERR3014413	Central_Europe_2n			2	A. lyrata	ERR3014413	PRJEB30473
SRR2040792	Central_Europe_4n			4	A. lyrata	SRR2040792	PRJNA284572
SRR2040829	Central_Europe_4n			4	A. lyrata	SRR2040829	PRJNA284572
SRR3111438	n/a				A. lyrata	SRR3111438	PRJNA284572
SRR7119538	Central_Europe_2n			2	A. lyrata	SRR7119538	PRJNA459481
SRR7904932	Central_Europe_2n			2	A. lyrata	SRR7904932	PRJNA493227
SRR7904933	Central_Europe_2n			2	A. lyrata	SRR7904933	PRJNA493227
SRR7904934	Central_Europe_2n			2	A. lyrata	SRR7904934	PRJNA493227
SRR7904935	Central_Europe_2n			2	A. lyrata	SRR7904935	PRJNA493227
SRR7904940	Central_Europe_2n			2	A. lyrata	SRR7904940	PRJNA493227
SRR7904941	Central_Europe_2n			2	A. lyrata	SRR7904941	PRJNA493227
SRR7904952	Central_Europe_2n			2	A. lyrata	SRR7904952	PRJNA493227
SRR7904953	Central_Europe_2n			2	A. lyrata	SRR7904953	PRJNA493227
SRR7904954	Central_Europe_2n			2	A. lyrata	SRR7904954	PRJNA493227
SRR7904955	Central_Europe_2n			2	A. lyrata	SRR7904955	PRJNA493227
SRR7904956	Central_Europe_2n			2	A. lyrata	SRR7904956	PRJNA493227
SRR7904957	Central_Europe_2n			2	A. lyrata	SRR7904957	PRJNA493227
SRR7904958	Central_Europe_2n			2	A. lyrata	SRR7904958	PRJNA493227
SRR7904959	Central_Europe_2n			2	A. lyrata	SRR7904959	PRJNA493227
SRR7904960	Central_Europe_2n			2	A. lyrata	SRR7904960	PRJNA493227
