run_accession	sample_accession	experiment_accession	study_accession	tax_id	scientific_name	instrument_model	library_name	library_layout	library_strategy	library_source	library_selection	fastq_ftp	submitted_ftp	sra_ftp	bam_ftp
SRR23352827	SAMN33050679	SRX19294275	PRJNA931118	1480152	Marchantia polymorpha subsp. montivagans	Illumina NovaSeq 6000	NILSC12_lib4	PAIRED	WGS	GENOMIC	RANDOM	ftp.sra.ebi.ac.uk/vol1/fastq/SRR233/027/SRR23352827/SRR23352827_1.fastq.gz;ftp.sra.ebi.ac.uk/vol1/fastq/SRR233/027/SRR23352827/SRR23352827_2.fastq.gz		ftp.sra.ebi.ac.uk/vol1/srr/SRR233/027/SRR23352827/SRR23352827.lite	
SRR23352627	SAMN33050680	SRX19293987	PRJNA931118	1480152	Marchantia polymorpha subsp. montivagans	Illumina NovaSeq 6000	NILSC14_lib1	PAIRED	WGS	GENOMIC	RANDOM	ftp.sra.ebi.ac.uk/vol1/fastq/SRR233/027/SRR23352627/SRR23352627_1.fastq.gz;ftp.sra.ebi.ac.uk/vol1/fastq/SRR233/027/SRR23352627/SRR23352627_2.fastq.gz		ftp.sra.ebi.ac.uk/vol1/srr/SRR233/027/SRR23352627/SRR23352627.lite	
SRR23352497	SAMN33050681	SRX19294118	PRJNA931118	1480152	Marchantia polymorpha subsp. montivagans	Illumina NovaSeq 6000	NILSC17_lib4	PAIRED	WGS	GENOMIC	RANDOM	ftp.sra.ebi.ac.uk/vol1/fastq/SRR233/097/SRR23352497/SRR23352497_1.fastq.gz;ftp.sra.ebi.ac.uk/vol1/fastq/SRR233/097/SRR23352497/SRR23352497_2.fastq.gz		ftp.sra.ebi.ac.uk/vol1/srr/SRR233/097/SRR23352497/SRR23352497.lite	
SRR23352605	SAMN33050682	SRX19294009	PRJNA931118	1480152	Marchantia polymorpha subsp. montivagans	Illumina NovaSeq 6000	NILSC18_lib1	PAIRED	WGS	GENOMIC	RANDOM	ftp.sra.ebi.ac.uk/vol1/fastq/SRR233/005/SRR23352605/SRR23352605_1.fastq.gz;ftp.sra.ebi.ac.uk/vol1/fastq/SRR233/005/SRR23352605/SRR23352605_2.fastq.gz		ftp.sra.ebi.ac.uk/vol1/srr/SRR233/005/SRR23352605/SRR23352605.lite	
SRR23352471	SAMN33050683	SRX19294144	PRJNA931118	1480152	Marchantia polymorpha subsp. montivagans	Illumina NovaSeq 6000	NILSC20_lib1	PAIRED	WGS	GENOMIC	RANDOM	ftp.sra.ebi.ac.uk/vol1/fastq/SRR233/071/SRR23352471/SRR23352471_1.fastq.gz;ftp.sra.ebi.ac.uk/vol1/fastq/SRR233/071/SRR23352471/SRR23352471_2.fastq.gz		ftp.sra.ebi.ac.uk/vol1/srr/SRR233/071/SRR23352471/SRR23352471.lite	
SRR23352460	SAMN33050684	SRX19294155	PRJNA931118	1480152	Marchantia polymorpha subsp. montivagans	Illumina NovaSeq 6000	NILSC21_lib1	PAIRED	WGS	GENOMIC	RANDOM	ftp.sra.ebi.ac.uk/vol1/fastq/SRR233/060/SRR23352460/SRR23352460_1.fastq.gz;ftp.sra.ebi.ac.uk/vol1/fastq/SRR233/060/SRR23352460/SRR23352460_2.fastq.gz		ftp.sra.ebi.ac.uk/vol1/srr/SRR233/060/SRR23352460/SRR23352460.lite	
SRR23352785	SAMN33050685	SRX19294317	PRJNA931118	1480152	Marchantia polymorpha subsp. montivagans	Illumina NovaSeq 6000	NILSC22_lib1	PAIRED	WGS	GENOMIC	RANDOM	ftp.sra.ebi.ac.uk/vol1/fastq/SRR233/085/SRR23352785/SRR23352785_1.fastq.gz;ftp.sra.ebi.ac.uk/vol1/fastq/SRR233/085/SRR23352785/SRR23352785_2.fastq.gz		ftp.sra.ebi.ac.uk/vol1/srr/SRR233/085/SRR23352785/SRR23352785.lite	
SRR23352774	SAMN33050686	SRX19294328	PRJNA931118	1480152	Marchantia polymorpha subsp. montivagans	Illumina NovaSeq 6000	NILSC23_lib1	PAIRED	WGS	GENOMIC	RANDOM	ftp.sra.ebi.ac.uk/vol1/fastq/SRR233/074/SRR23352774/SRR23352774_1.fastq.gz;ftp.sra.ebi.ac.uk/vol1/fastq/SRR233/074/SRR23352774/SRR23352774_2.fastq.gz		ftp.sra.ebi.ac.uk/vol1/srr/SRR233/074/SRR23352774/SRR23352774.lite	
SRR23352742	SAMN33050687	SRX19294360	PRJNA931118	1480152	Marchantia polymorpha subsp. montivagans	Illumina NovaSeq 6000	NILSC24_lib4	PAIRED	WGS	GENOMIC	RANDOM	ftp.sra.ebi.ac.uk/vol1/fastq/SRR233/042/SRR23352742/SRR23352742_1.fastq.gz;ftp.sra.ebi.ac.uk/vol1/fastq/SRR233/042/SRR23352742/SRR23352742_2.fastq.gz		ftp.sra.ebi.ac.uk/vol1/srr/SRR233/042/SRR23352742/SRR23352742.lite	
SRR23352584	SAMN33050688	SRX19294030	PRJNA931118	1480152	Marchantia polymorpha subsp. montivagans	Illumina NovaSeq 6000	NILSC27_lib1	PAIRED	WGS	GENOMIC	RANDOM	ftp.sra.ebi.ac.uk/vol1/fastq/SRR233/084/SRR23352584/SRR23352584_1.fastq.gz;ftp.sra.ebi.ac.uk/vol1/fastq/SRR233/084/SRR23352584/SRR23352584_2.fastq.gz		ftp.sra.ebi.ac.uk/vol1/srr/SRR233/084/SRR23352584/SRR23352584.lite	
SRR23352899	SAMN33050689	SRX19294203	PRJNA931118	1480152	Marchantia polymorpha subsp. montivagans	Illumina NovaSeq 6000	RES33_lib1	PAIRED	WGS	GENOMIC	RANDOM	ftp.sra.ebi.ac.uk/vol1/fastq/SRR233/099/SRR23352899/SRR23352899_1.fastq.gz;ftp.sra.ebi.ac.uk/vol1/fastq/SRR233/099/SRR23352899/SRR23352899_2.fastq.gz		ftp.sra.ebi.ac.uk/vol1/srr/SRR233/099/SRR23352899/SRR23352899.lite	
SRR23352458	SAMN33050690	SRX19294157	PRJNA931118	1480152	Marchantia polymorpha subsp. montivagans	Illumina NovaSeq 6000	RES50_lib4	PAIRED	WGS	GENOMIC	RANDOM	ftp.sra.ebi.ac.uk/vol1/fastq/SRR233/058/SRR23352458/SRR23352458_1.fastq.gz;ftp.sra.ebi.ac.uk/vol1/fastq/SRR233/058/SRR23352458/SRR23352458_2.fastq.gz		ftp.sra.ebi.ac.uk/vol1/srr/SRR233/058/SRR23352458/SRR23352458.lite	
SRR23352454	SAMN33050691	SRX19294161	PRJNA931118	1480152	Marchantia polymorpha subsp. montivagans	Illumina NovaSeq 6000	RES51_lib4	PAIRED	WGS	GENOMIC	RANDOM	ftp.sra.ebi.ac.uk/vol1/fastq/SRR233/054/SRR23352454/SRR23352454_1.fastq.gz;ftp.sra.ebi.ac.uk/vol1/fastq/SRR233/054/SRR23352454/SRR23352454_2.fastq.gz		ftp.sra.ebi.ac.uk/vol1/srr/SRR233/054/SRR23352454/SRR23352454.lite	
SRR23352450	SAMN33050692	SRX19294165	PRJNA931118	1480152	Marchantia polymorpha subsp. montivagans	Illumina NovaSeq 6000	RES52_lib4	PAIRED	WGS	GENOMIC	RANDOM	ftp.sra.ebi.ac.uk/vol1/fastq/SRR233/050/SRR23352450/SRR23352450_1.fastq.gz;ftp.sra.ebi.ac.uk/vol1/fastq/SRR233/050/SRR23352450/SRR23352450_2.fastq.gz		ftp.sra.ebi.ac.uk/vol1/srr/SRR233/050/SRR23352450/SRR23352450.lite	
SRR23352445	SAMN33050693	SRX19294170	PRJNA931118	1480152	Marchantia polymorpha subsp. montivagans	Illumina NovaSeq 6000	RES53_lib4	PAIRED	WGS	GENOMIC	RANDOM	ftp.sra.ebi.ac.uk/vol1/fastq/SRR233/045/SRR23352445/SRR23352445_1.fastq.gz;ftp.sra.ebi.ac.uk/vol1/fastq/SRR233/045/SRR23352445/SRR23352445_2.fastq.gz		ftp.sra.ebi.ac.uk/vol1/srr/SRR233/045/SRR23352445/SRR23352445.lite	
SRR23352665	SAMN33050694	SRX19293949	PRJNA931118	1480153	Marchantia polymorpha subsp. polymorpha	Illumina NovaSeq 6000	Caz-A_lib1	PAIRED	WGS	GENOMIC	RANDOM	ftp.sra.ebi.ac.uk/vol1/fastq/SRR233/065/SRR23352665/SRR23352665_1.fastq.gz;ftp.sra.ebi.ac.uk/vol1/fastq/SRR233/065/SRR23352665/SRR23352665_2.fastq.gz		ftp.sra.ebi.ac.uk/vol1/srr/SRR233/065/SRR23352665/SRR23352665.lite	
SRR23352818	SAMN33050695	SRX19294284	PRJNA931118	1480153	Marchantia polymorpha subsp. polymorpha	Illumina NovaSeq 6000	NILSC1_lib1	PAIRED	WGS	GENOMIC	RANDOM	ftp.sra.ebi.ac.uk/vol1/fastq/SRR233/018/SRR23352818/SRR23352818_1.fastq.gz;ftp.sra.ebi.ac.uk/vol1/fastq/SRR233/018/SRR23352818/SRR23352818_2.fastq.gz		ftp.sra.ebi.ac.uk/vol1/srr/SRR233/018/SRR23352818/SRR23352818.lite	
SRR23352836	SAMN33050696	SRX19294266	PRJNA931118	1480153	Marchantia polymorpha subsp. polymorpha	Illumina NovaSeq 6000	NILSC10_lib4	PAIRED	WGS	GENOMIC	RANDOM	ftp.sra.ebi.ac.uk/vol1/fastq/SRR233/036/SRR23352836/SRR23352836_1.fastq.gz;ftp.sra.ebi.ac.uk/vol1/fastq/SRR233/036/SRR23352836/SRR23352836_2.fastq.gz		ftp.sra.ebi.ac.uk/vol1/srr/SRR233/036/SRR23352836/SRR23352836.lite	
SRR23352807	SAMN33050697	SRX19294295	PRJNA931118	1480153	Marchantia polymorpha subsp. polymorpha	Illumina NovaSeq 6000	NILSC11_lib1	PAIRED	WGS	GENOMIC	RANDOM	ftp.sra.ebi.ac.uk/vol1/fastq/SRR233/007/SRR23352807/SRR23352807_1.fastq.gz;ftp.sra.ebi.ac.uk/vol1/fastq/SRR233/007/SRR23352807/SRR23352807_2.fastq.gz		ftp.sra.ebi.ac.uk/vol1/srr/SRR233/007/SRR23352807/SRR23352807.lite	
SRR23352515	SAMN33050698	SRX19294100	PRJNA931118	1480153	Marchantia polymorpha subsp. polymorpha	Illumina NovaSeq 6000	NILSC13_lib4	PAIRED	WGS	GENOMIC	RANDOM	ftp.sra.ebi.ac.uk/vol1/fastq/SRR233/015/SRR23352515/SRR23352515_1.fastq.gz;ftp.sra.ebi.ac.uk/vol1/fastq/SRR233/015/SRR23352515/SRR23352515_2.fastq.gz		ftp.sra.ebi.ac.uk/vol1/srr/SRR233/015/SRR23352515/SRR23352515.lite	
SRR23352616	SAMN33050699	SRX19293998	PRJNA931118	1480153	Marchantia polymorpha subsp. polymorpha	Illumina NovaSeq 6000	NILSC16_lib1	PAIRED	WGS	GENOMIC	RANDOM	ftp.sra.ebi.ac.uk/vol1/fastq/SRR233/016/SRR23352616/SRR23352616_1.fastq.gz;ftp.sra.ebi.ac.uk/vol1/fastq/SRR233/016/SRR23352616/SRR23352616_2.fastq.gz		ftp.sra.ebi.ac.uk/vol1/srr/SRR233/016/SRR23352616/SRR23352616.lite	
SRR23352764	SAMN33050700	SRX19294338	PRJNA931118	1480153	Marchantia polymorpha subsp. polymorpha	Illumina NovaSeq 6000	NILSC2_lib4	PAIRED	WGS	GENOMIC	RANDOM	ftp.sra.ebi.ac.uk/vol1/fastq/SRR233/064/SRR23352764/SRR23352764_1.fastq.gz;ftp.sra.ebi.ac.uk/vol1/fastq/SRR233/064/SRR23352764/SRR23352764_2.fastq.gz		ftp.sra.ebi.ac.uk/vol1/srr/SRR233/064/SRR23352764/SRR23352764.lite	
SRR23352459	SAMN33050701	SRX19294156	PRJNA931118	1480153	Marchantia polymorpha subsp. polymorpha	Illumina NovaSeq 6000	NILSC28_lib1	PAIRED	WGS	GENOMIC	RANDOM	ftp.sra.ebi.ac.uk/vol1/fastq/SRR233/059/SRR23352459/SRR23352459_1.fastq.gz;ftp.sra.ebi.ac.uk/vol1/fastq/SRR233/059/SRR23352459/SRR23352459_2.fastq.gz		ftp.sra.ebi.ac.uk/vol1/srr/SRR233/059/SRR23352459/SRR23352459.lite	
SRR23352437	SAMN33050702	SRX19294178	PRJNA931118	1480153	Marchantia polymorpha subsp. polymorpha	Illumina NovaSeq 6000	NILSC6_lib1	PAIRED	WGS	GENOMIC	RANDOM	ftp.sra.ebi.ac.uk/vol1/fastq/SRR233/037/SRR23352437/SRR23352437_1.fastq.gz;ftp.sra.ebi.ac.uk/vol1/fastq/SRR233/037/SRR23352437/SRR23352437_2.fastq.gz		ftp.sra.ebi.ac.uk/vol1/srr/SRR233/037/SRR23352437/SRR23352437.lite	
SRR23352609	SAMN33050703	SRX19294005	PRJNA931118	1480153	Marchantia polymorpha subsp. polymorpha	Illumina NovaSeq 6000	NILSC9_lib4	PAIRED	WGS	GENOMIC	RANDOM	ftp.sra.ebi.ac.uk/vol1/fastq/SRR233/009/SRR23352609/SRR23352609_1.fastq.gz;ftp.sra.ebi.ac.uk/vol1/fastq/SRR233/009/SRR23352609/SRR23352609_2.fastq.gz		ftp.sra.ebi.ac.uk/vol1/srr/SRR233/009/SRR23352609/SRR23352609.lite	
SRR23352903	SAMN33050704	SRX19294199	PRJNA931118	1480153	Marchantia polymorpha subsp. polymorpha	Illumina NovaSeq 6000	Pra-B_lib1	PAIRED	WGS	GENOMIC	RANDOM	ftp.sra.ebi.ac.uk/vol1/fastq/SRR233/003/SRR23352903/SRR23352903_1.fastq.gz;ftp.sra.ebi.ac.uk/vol1/fastq/SRR233/003/SRR23352903/SRR23352903_2.fastq.gz		ftp.sra.ebi.ac.uk/vol1/srr/SRR233/003/SRR23352903/SRR23352903.lite	
SRR23352714	SAMN33050705	SRX19294388	PRJNA931118	1480153	Marchantia polymorpha subsp. polymorpha	Illumina NovaSeq 6000	WRG_lib4	PAIRED	WGS	GENOMIC	RANDOM	ftp.sra.ebi.ac.uk/vol1/fastq/SRR233/014/SRR23352714/SRR23352714_1.fastq.gz;ftp.sra.ebi.ac.uk/vol1/fastq/SRR233/014/SRR23352714/SRR23352714_2.fastq.gz		ftp.sra.ebi.ac.uk/vol1/srr/SRR233/014/SRR23352714/SRR23352714.lite	
SRR23352711	SAMN33050706	SRX19293903	PRJNA931118	1480154	Marchantia polymorpha subsp. ruderalis	Illumina NovaSeq 6000	Ale-A_lib1	PAIRED	WGS	GENOMIC	RANDOM	ftp.sra.ebi.ac.uk/vol1/fastq/SRR233/011/SRR23352711/SRR23352711_1.fastq.gz;ftp.sra.ebi.ac.uk/vol1/fastq/SRR233/011/SRR23352711/SRR23352711_2.fastq.gz		ftp.sra.ebi.ac.uk/vol1/srr/SRR233/011/SRR23352711/SRR23352711.lite	
SRR23352710	SAMN33050707	SRX19293904	PRJNA931118	1480154	Marchantia polymorpha subsp. ruderalis	Illumina NovaSeq 6000	Ber-A_lib1	PAIRED	WGS	GENOMIC	RANDOM	ftp.sra.ebi.ac.uk/vol1/fastq/SRR233/010/SRR23352710/SRR23352710_1.fastq.gz;ftp.sra.ebi.ac.uk/vol1/fastq/SRR233/010/SRR23352710/SRR23352710_2.fastq.gz		ftp.sra.ebi.ac.uk/vol1/srr/SRR233/010/SRR23352710/SRR23352710.lite	
SRR23352868	SAMN33050708	SRX19294234	PRJNA931118	1480154	Marchantia polymorpha subsp. ruderalis	Illumina NovaSeq 6000	Ber-B_lib4	PAIRED	WGS	GENOMIC	RANDOM	ftp.sra.ebi.ac.uk/vol1/fastq/SRR233/068/SRR23352868/SRR23352868_1.fastq.gz;ftp.sra.ebi.ac.uk/vol1/fastq/SRR233/068/SRR23352868/SRR23352868_2.fastq.gz		ftp.sra.ebi.ac.uk/vol1/srr/SRR233/068/SRR23352868/SRR23352868.lite	
SRR23352851	SAMN33050709	SRX19294251	PRJNA931118	1480154	Marchantia polymorpha subsp. ruderalis	Illumina NovaSeq 6000	Ber-C_lib1	PAIRED	WGS	GENOMIC	RANDOM	ftp.sra.ebi.ac.uk/vol1/fastq/SRR233/051/SRR23352851/SRR23352851_1.fastq.gz;ftp.sra.ebi.ac.uk/vol1/fastq/SRR233/051/SRR23352851/SRR23352851_2.fastq.gz		ftp.sra.ebi.ac.uk/vol1/srr/SRR233/051/SRR23352851/SRR23352851.lite	
SRR23352796	SAMN33050710	SRX19294306	PRJNA931118	1480154	Marchantia polymorpha subsp. ruderalis	Illumina NovaSeq 6000	Ber-D_lib1	PAIRED	WGS	GENOMIC	RANDOM	ftp.sra.ebi.ac.uk/vol1/fastq/SRR233/096/SRR23352796/SRR23352796_1.fastq.gz;ftp.sra.ebi.ac.uk/vol1/fastq/SRR233/096/SRR23352796/SRR23352796_2.fastq.gz		ftp.sra.ebi.ac.uk/vol1/srr/SRR233/096/SRR23352796/SRR23352796.lite	
SRR23352857	SAMN33050711	SRX19294245	PRJNA931118	1480154	Marchantia polymorpha subsp. ruderalis	Illumina NovaSeq 6000	Ber-F_lib2	PAIRED	WGS	GENOMIC	RANDOM	ftp.sra.ebi.ac.uk/vol1/fastq/SRR233/057/SRR23352857/SRR23352857_1.fastq.gz;ftp.sra.ebi.ac.uk/vol1/fastq/SRR233/057/SRR23352857/SRR23352857_2.fastq.gz		ftp.sra.ebi.ac.uk/vol1/srr/SRR233/057/SRR23352857/SRR23352857.lite	
SRR23352573	SAMN33050712	SRX19294041	PRJNA931118	1480154	Marchantia polymorpha subsp. ruderalis	Illumina NovaSeq 6000	Bid-A_lib1	PAIRED	WGS	GENOMIC	RANDOM	ftp.sra.ebi.ac.uk/vol1/fastq/SRR233/073/SRR23352573/SRR23352573_1.fastq.gz;ftp.sra.ebi.ac.uk/vol1/fastq/SRR233/073/SRR23352573/SRR23352573_2.fastq.gz		ftp.sra.ebi.ac.uk/vol1/srr/SRR233/073/SRR23352573/SRR23352573.lite	
SRR23352906	SAMN33050713	SRX19294196	PRJNA931118	1480154	Marchantia polymorpha subsp. ruderalis	Illumina NovaSeq 6000	Bie-A_lib1	PAIRED	WGS	GENOMIC	RANDOM	ftp.sra.ebi.ac.uk/vol1/fastq/SRR233/006/SRR23352906/SRR23352906_1.fastq.gz;ftp.sra.ebi.ac.uk/vol1/fastq/SRR233/006/SRR23352906/SRR23352906_2.fastq.gz		ftp.sra.ebi.ac.uk/vol1/srr/SRR233/006/SRR23352906/SRR23352906.lite	
SRR23352700	SAMN33050714	SRX19293914	PRJNA931118	1480154	Marchantia polymorpha subsp. ruderalis	Illumina NovaSeq 6000	Bie-B_lib4	PAIRED	WGS	GENOMIC	RANDOM	ftp.sra.ebi.ac.uk/vol1/fastq/SRR233/000/SRR23352700/SRR23352700_1.fastq.gz;ftp.sra.ebi.ac.uk/vol1/fastq/SRR233/000/SRR23352700/SRR23352700_2.fastq.gz		ftp.sra.ebi.ac.uk/vol1/srr/SRR233/000/SRR23352700/SRR23352700.lite	
SRR23352895	SAMN33050715	SRX19294207	PRJNA931118	1480154	Marchantia polymorpha subsp. ruderalis	Illumina NovaSeq 6000	Bie-C_lib1	PAIRED	WGS	GENOMIC	RANDOM	ftp.sra.ebi.ac.uk/vol1/fastq/SRR233/095/SRR23352895/SRR23352895_1.fastq.gz;ftp.sra.ebi.ac.uk/vol1/fastq/SRR233/095/SRR23352895/SRR23352895_2.fastq.gz		ftp.sra.ebi.ac.uk/vol1/srr/SRR233/095/SRR23352895/SRR23352895.lite	
SRR23352884	SAMN33050716	SRX19294218	PRJNA931118	1480154	Marchantia polymorpha subsp. ruderalis	Illumina NovaSeq 6000	Bot-X_lib1	PAIRED	WGS	GENOMIC	RANDOM	ftp.sra.ebi.ac.uk/vol1/fastq/SRR233/084/SRR23352884/SRR23352884_1.fastq.gz;ftp.sra.ebi.ac.uk/vol1/fastq/SRR233/084/SRR23352884/SRR23352884_2.fastq.gz		ftp.sra.ebi.ac.uk/vol1/srr/SRR233/084/SRR23352884/SRR23352884.lite	
SRR23352873	SAMN33050717	SRX19294229	PRJNA931118	1480154	Marchantia polymorpha subsp. ruderalis	Illumina NovaSeq 6000	Bul-A_lib1	PAIRED	WGS	GENOMIC	RANDOM	ftp.sra.ebi.ac.uk/vol1/fastq/SRR233/073/SRR23352873/SRR23352873_1.fastq.gz;ftp.sra.ebi.ac.uk/vol1/fastq/SRR233/073/SRR23352873/SRR23352873_2.fastq.gz		ftp.sra.ebi.ac.uk/vol1/srr/SRR233/073/SRR23352873/SRR23352873.lite	
SRR23352682	SAMN33050718	SRX19293932	PRJNA931118	1480154	Marchantia polymorpha subsp. ruderalis	Illumina NovaSeq 6000	Bul-B_lib4	PAIRED	WGS	GENOMIC	RANDOM	ftp.sra.ebi.ac.uk/vol1/fastq/SRR233/082/SRR23352682/SRR23352682_1.fastq.gz;ftp.sra.ebi.ac.uk/vol1/fastq/SRR233/082/SRR23352682/SRR23352682_2.fastq.gz		ftp.sra.ebi.ac.uk/vol1/srr/SRR233/082/SRR23352682/SRR23352682.lite	
SRR23352678	SAMN33050719	SRX19293936	PRJNA931118	1480154	Marchantia polymorpha subsp. ruderalis	Illumina NovaSeq 6000	Bul-C_lib4	PAIRED	WGS	GENOMIC	RANDOM	ftp.sra.ebi.ac.uk/vol1/fastq/SRR233/078/SRR23352678/SRR23352678_1.fastq.gz;ftp.sra.ebi.ac.uk/vol1/fastq/SRR233/078/SRR23352678/SRR23352678_2.fastq.gz		ftp.sra.ebi.ac.uk/vol1/srr/SRR233/078/SRR23352678/SRR23352678.lite	
SRR23352862	SAMN33050720	SRX19294240	PRJNA931118	1480154	Marchantia polymorpha subsp. ruderalis	Illumina NovaSeq 6000	CA_lib1	PAIRED	WGS	GENOMIC	RANDOM	ftp.sra.ebi.ac.uk/vol1/fastq/SRR233/062/SRR23352862/SRR23352862_1.fastq.gz;ftp.sra.ebi.ac.uk/vol1/fastq/SRR233/062/SRR23352862/SRR23352862_2.fastq.gz		ftp.sra.ebi.ac.uk/vol1/srr/SRR233/062/SRR23352862/SRR23352862.lite	
SRR23352713	SAMN33050721	SRX19294389	PRJNA931118	1480154	Marchantia polymorpha subsp. ruderalis	Illumina NovaSeq 6000	CAM1_lib1	PAIRED	WGS	GENOMIC	RANDOM	ftp.sra.ebi.ac.uk/vol1/fastq/SRR233/013/SRR23352713/SRR23352713_1.fastq.gz;ftp.sra.ebi.ac.uk/vol1/fastq/SRR233/013/SRR23352713/SRR23352713_2.fastq.gz		ftp.sra.ebi.ac.uk/vol1/srr/SRR233/013/SRR23352713/SRR23352713.lite	
SRR23352572	SAMN33050722	SRX19294042	PRJNA931118	1480154	Marchantia polymorpha subsp. ruderalis	Illumina NovaSeq 6000	CAM2_lib1	PAIRED	WGS	GENOMIC	RANDOM	ftp.sra.ebi.ac.uk/vol1/fastq/SRR233/072/SRR23352572/SRR23352572_1.fastq.gz;ftp.sra.ebi.ac.uk/vol1/fastq/SRR233/072/SRR23352572/SRR23352572_2.fastq.gz		ftp.sra.ebi.ac.uk/vol1/srr/SRR233/072/SRR23352572/SRR23352572.lite	
SRR23352709	SAMN33050723	SRX19293905	PRJNA931118	1480154	Marchantia polymorpha subsp. ruderalis	Illumina NovaSeq 6000	Cas-A_lib1	PAIRED	WGS	GENOMIC	RANDOM	ftp.sra.ebi.ac.uk/vol1/fastq/SRR233/009/SRR23352709/SRR23352709_1.fastq.gz;ftp.sra.ebi.ac.uk/vol1/fastq/SRR233/009/SRR23352709/SRR23352709_2.fastq.gz		ftp.sra.ebi.ac.uk/vol1/srr/SRR233/009/SRR23352709/SRR23352709.lite	
SRR23352669	SAMN33050724	SRX19293945	PRJNA931118	1480154	Marchantia polymorpha subsp. ruderalis	Illumina NovaSeq 6000	Cas-B_lib4	PAIRED	WGS	GENOMIC	RANDOM	ftp.sra.ebi.ac.uk/vol1/fastq/SRR233/069/SRR23352669/SRR23352669_1.fastq.gz;ftp.sra.ebi.ac.uk/vol1/fastq/SRR233/069/SRR23352669/SRR23352669_2.fastq.gz		ftp.sra.ebi.ac.uk/vol1/srr/SRR233/069/SRR23352669/SRR23352669.lite	
SRR23352698	SAMN33050725	SRX19293916	PRJNA931118	1480154	Marchantia polymorpha subsp. ruderalis	Illumina NovaSeq 6000	Cas-C_lib1	PAIRED	WGS	GENOMIC	RANDOM	ftp.sra.ebi.ac.uk/vol1/fastq/SRR233/098/SRR23352698/SRR23352698_1.fastq.gz;ftp.sra.ebi.ac.uk/vol1/fastq/SRR233/098/SRR23352698/SRR23352698_2.fastq.gz		ftp.sra.ebi.ac.uk/vol1/srr/SRR233/098/SRR23352698/SRR23352698.lite	
SRR23352687	SAMN33050726	SRX19293927	PRJNA931118	1480154	Marchantia polymorpha subsp. ruderalis	Illumina NovaSeq 6000	Cas-D_lib1	PAIRED	WGS	GENOMIC	RANDOM	ftp.sra.ebi.ac.uk/vol1/fastq/SRR233/087/SRR23352687/SRR23352687_1.fastq.gz;ftp.sra.ebi.ac.uk/vol1/fastq/SRR233/087/SRR23352687/SRR23352687_2.fastq.gz		ftp.sra.ebi.ac.uk/vol1/srr/SRR233/087/SRR23352687/SRR23352687.lite	
SRR23352676	SAMN33050727	SRX19293938	PRJNA931118	1480154	Marchantia polymorpha subsp. ruderalis	Illumina NovaSeq 6000	Cas-E_lib1	PAIRED	WGS	GENOMIC	RANDOM	ftp.sra.ebi.ac.uk/vol1/fastq/SRR233/076/SRR23352676/SRR23352676_1.fastq.gz;ftp.sra.ebi.ac.uk/vol1/fastq/SRR233/076/SRR23352676/SRR23352676_2.fastq.gz		ftp.sra.ebi.ac.uk/vol1/srr/SRR233/076/SRR23352676/SRR23352676.lite	
SRR23352531	SAMN33050728	SRX19294084	PRJNA931118	1480154	Marchantia polymorpha subsp. ruderalis	Illumina NovaSeq 6000	Dur-A_lib2	PAIRED	WGS	GENOMIC	RANDOM	ftp.sra.ebi.ac.uk/vol1/fastq/SRR233/031/SRR23352531/SRR23352531_1.fastq.gz;ftp.sra.ebi.ac.uk/vol1/fastq/SRR233/031/SRR23352531/SRR23352531_2.fastq.gz		ftp.sra.ebi.ac.uk/vol1/srr/SRR233/031/SRR23352531/SRR23352531.lite	
SRR23352520	SAMN33050729	SRX19294095	PRJNA931118	1480154	Marchantia polymorpha subsp. ruderalis	Illumina NovaSeq 6000	Esc-A_lib1	PAIRED	WGS	GENOMIC	RANDOM	ftp.sra.ebi.ac.uk/vol1/fastq/SRR233/020/SRR23352520/SRR23352520_1.fastq.gz;ftp.sra.ebi.ac.uk/vol1/fastq/SRR233/020/SRR23352520/SRR23352520_2.fastq.gz		ftp.sra.ebi.ac.uk/vol1/srr/SRR233/020/SRR23352520/SRR23352520.lite	
SRR23352649	SAMN33050730	SRX19293965	PRJNA931118	1480154	Marchantia polymorpha subsp. ruderalis	Illumina NovaSeq 6000	Gen-A_lib1	PAIRED	WGS	GENOMIC	RANDOM	ftp.sra.ebi.ac.uk/vol1/fastq/SRR233/049/SRR23352649/SRR23352649_1.fastq.gz;ftp.sra.ebi.ac.uk/vol1/fastq/SRR233/049/SRR23352649/SRR23352649_2.fastq.gz		ftp.sra.ebi.ac.uk/vol1/srr/SRR233/049/SRR23352649/SRR23352649.lite	
SRR23352638	SAMN33050731	SRX19293976	PRJNA931118	1480154	Marchantia polymorpha subsp. ruderalis	Illumina NovaSeq 6000	Gen-B_lib1	PAIRED	WGS	GENOMIC	RANDOM	ftp.sra.ebi.ac.uk/vol1/fastq/SRR233/038/SRR23352638/SRR23352638_1.fastq.gz;ftp.sra.ebi.ac.uk/vol1/fastq/SRR233/038/SRR23352638/SRR23352638_2.fastq.gz		ftp.sra.ebi.ac.uk/vol1/srr/SRR233/038/SRR23352638/SRR23352638.lite	
SRR23352850	SAMN33050732	SRX19294252	PRJNA931118	1480154	Marchantia polymorpha subsp. ruderalis	Illumina NovaSeq 6000	Hec-A_lib1	PAIRED	WGS	GENOMIC	RANDOM	ftp.sra.ebi.ac.uk/vol1/fastq/SRR233/050/SRR23352850/SRR23352850_1.fastq.gz;ftp.sra.ebi.ac.uk/vol1/fastq/SRR233/050/SRR23352850/SRR23352850_2.fastq.gz		ftp.sra.ebi.ac.uk/vol1/srr/SRR233/050/SRR23352850/SRR23352850.lite	
SRR23352653	SAMN33050733	SRX19293961	PRJNA931118	1480154	Marchantia polymorpha subsp. ruderalis	Illumina NovaSeq 6000	Hec-B_lib4	PAIRED	WGS	GENOMIC	RANDOM	ftp.sra.ebi.ac.uk/vol1/fastq/SRR233/053/SRR23352653/SRR23352653_1.fastq.gz;ftp.sra.ebi.ac.uk/vol1/fastq/SRR233/053/SRR23352653/SRR23352653_2.fastq.gz		ftp.sra.ebi.ac.uk/vol1/srr/SRR233/053/SRR23352653/SRR23352653.lite	
SRR23352648	SAMN33050734	SRX19293966	PRJNA931118	1480154	Marchantia polymorpha subsp. ruderalis	Illumina NovaSeq 6000	Hec-C_lib4	PAIRED	WGS	GENOMIC	RANDOM	ftp.sra.ebi.ac.uk/vol1/fastq/SRR233/048/SRR23352648/SRR23352648_1.fastq.gz;ftp.sra.ebi.ac.uk/vol1/fastq/SRR233/048/SRR23352648/SRR23352648_2.fastq.gz		ftp.sra.ebi.ac.uk/vol1/srr/SRR233/048/SRR23352648/SRR23352648.lite	
SRR23352571	SAMN33050735	SRX19294043	PRJNA931118	1480154	Marchantia polymorpha subsp. ruderalis	Illumina NovaSeq 6000	L2-BoGa_lib1	PAIRED	WGS	GENOMIC	RANDOM	ftp.sra.ebi.ac.uk/vol1/fastq/SRR233/071/SRR23352571/SRR23352571_1.fastq.gz;ftp.sra.ebi.ac.uk/vol1/fastq/SRR233/071/SRR23352571/SRR23352571_2.fastq.gz		ftp.sra.ebi.ac.uk/vol1/srr/SRR233/071/SRR23352571/SRR23352571.lite	
SRR23352570	SAMN33050736	SRX19294044	PRJNA931118	1480154	Marchantia polymorpha subsp. ruderalis	Illumina NovaSeq 6000	L5-BoGa_lib1	PAIRED	WGS	GENOMIC	RANDOM	ftp.sra.ebi.ac.uk/vol1/fastq/SRR233/070/SRR23352570/SRR23352570_1.fastq.gz;ftp.sra.ebi.ac.uk/vol1/fastq/SRR233/070/SRR23352570/SRR23352570_2.fastq.gz		ftp.sra.ebi.ac.uk/vol1/srr/SRR233/070/SRR23352570/SRR23352570.lite	
SRR23352839	SAMN33050737	SRX19294263	PRJNA931118	1480154	Marchantia polymorpha subsp. ruderalis	Illumina NovaSeq 6000	Lac-A_lib1	PAIRED	WGS	GENOMIC	RANDOM	ftp.sra.ebi.ac.uk/vol1/fastq/SRR233/039/SRR23352839/SRR23352839_1.fastq.gz;ftp.sra.ebi.ac.uk/vol1/fastq/SRR233/039/SRR23352839/SRR23352839_2.fastq.gz		ftp.sra.ebi.ac.uk/vol1/srr/SRR233/039/SRR23352839/SRR23352839.lite	
SRR23352569	SAMN33050738	SRX19294045	PRJNA931118	1480154	Marchantia polymorpha subsp. ruderalis	Illumina NovaSeq 6000	LouisXIII_lib1	PAIRED	WGS	GENOMIC	RANDOM	ftp.sra.ebi.ac.uk/vol1/fastq/SRR233/069/SRR23352569/SRR23352569_1.fastq.gz;ftp.sra.ebi.ac.uk/vol1/fastq/SRR233/069/SRR23352569/SRR23352569_2.fastq.gz		ftp.sra.ebi.ac.uk/vol1/srr/SRR233/069/SRR23352569/SRR23352569.lite	
SRR23352828	SAMN33050739	SRX19294274	PRJNA931118	1480154	Marchantia polymorpha subsp. ruderalis	Illumina NovaSeq 6000	Luc-A_lib1	PAIRED	WGS	GENOMIC	RANDOM	ftp.sra.ebi.ac.uk/vol1/fastq/SRR233/028/SRR23352828/SRR23352828_1.fastq.gz;ftp.sra.ebi.ac.uk/vol1/fastq/SRR233/028/SRR23352828/SRR23352828_2.fastq.gz		ftp.sra.ebi.ac.uk/vol1/srr/SRR233/028/SRR23352828/SRR23352828.lite	
SRR23352498	SAMN33050740	SRX19294117	PRJNA931118	1480154	Marchantia polymorpha subsp. ruderalis	Illumina NovaSeq 6000	Luc-B_lib2	PAIRED	WGS	GENOMIC	RANDOM	ftp.sra.ebi.ac.uk/vol1/fastq/SRR233/098/SRR23352498/SRR23352498_1.fastq.gz;ftp.sra.ebi.ac.uk/vol1/fastq/SRR233/098/SRR23352498/SRR23352498_2.fastq.gz		ftp.sra.ebi.ac.uk/vol1/srr/SRR233/098/SRR23352498/SRR23352498.lite	
SRR23352635	SAMN33050741	SRX19293979	PRJNA931118	1480154	Marchantia polymorpha subsp. ruderalis	Illumina NovaSeq 6000	Mns-A_lib4	PAIRED	WGS	GENOMIC	RANDOM	ftp.sra.ebi.ac.uk/vol1/fastq/SRR233/035/SRR23352635/SRR23352635_1.fastq.gz;ftp.sra.ebi.ac.uk/vol1/fastq/SRR233/035/SRR23352635/SRR23352635_2.fastq.gz		ftp.sra.ebi.ac.uk/vol1/srr/SRR233/035/SRR23352635/SRR23352635.lite	
SRR23352767	SAMN33050742	SRX19294335	PRJNA931118	1480154	Marchantia polymorpha subsp. ruderalis	Illumina NovaSeq 6000	Mnt-A_lib1	PAIRED	WGS	GENOMIC	RANDOM	ftp.sra.ebi.ac.uk/vol1/fastq/SRR233/067/SRR23352767/SRR23352767_1.fastq.gz;ftp.sra.ebi.ac.uk/vol1/fastq/SRR233/067/SRR23352767/SRR23352767_2.fastq.gz		ftp.sra.ebi.ac.uk/vol1/srr/SRR233/067/SRR23352767/SRR23352767.lite	
SRR23352756	SAMN33050743	SRX19294346	PRJNA931118	1480154	Marchantia polymorpha subsp. ruderalis	Illumina NovaSeq 6000	Mou-A_lib1	PAIRED	WGS	GENOMIC	RANDOM	ftp.sra.ebi.ac.uk/vol1/fastq/SRR233/056/SRR23352756/SRR23352756_1.fastq.gz;ftp.sra.ebi.ac.uk/vol1/fastq/SRR233/056/SRR23352756/SRR23352756_2.fastq.gz		ftp.sra.ebi.ac.uk/vol1/srr/SRR233/056/SRR23352756/SRR23352756.lite	
SRR23352745	SAMN33050744	SRX19294357	PRJNA931118	1480154	Marchantia polymorpha subsp. ruderalis	Illumina NovaSeq 6000	Mur-A_lib1	PAIRED	WGS	GENOMIC	RANDOM	ftp.sra.ebi.ac.uk/vol1/fastq/SRR233/045/SRR23352745/SRR23352745_1.fastq.gz;ftp.sra.ebi.ac.uk/vol1/fastq/SRR233/045/SRR23352745/SRR23352745_2.fastq.gz		ftp.sra.ebi.ac.uk/vol1/srr/SRR233/045/SRR23352745/SRR23352745.lite	
SRR23352506	SAMN33050745	SRX19294109	PRJNA931118	1480154	Marchantia polymorpha subsp. ruderalis	Illumina NovaSeq 6000	NILSC15_lib4	PAIRED	WGS	GENOMIC	RANDOM	ftp.sra.ebi.ac.uk/vol1/fastq/SRR233/006/SRR23352506/SRR23352506_1.fastq.gz;ftp.sra.ebi.ac.uk/vol1/fastq/SRR233/006/SRR23352506/SRR23352506_2.fastq.gz		ftp.sra.ebi.ac.uk/vol1/srr/SRR233/006/SRR23352506/SRR23352506.lite	
SRR23352482	SAMN33050746	SRX19294133	PRJNA931118	1480154	Marchantia polymorpha subsp. ruderalis	Illumina NovaSeq 6000	NILSC19_lib1	PAIRED	WGS	GENOMIC	RANDOM	ftp.sra.ebi.ac.uk/vol1/fastq/SRR233/082/SRR23352482/SRR23352482_1.fastq.gz;ftp.sra.ebi.ac.uk/vol1/fastq/SRR233/082/SRR23352482/SRR23352482_2.fastq.gz		ftp.sra.ebi.ac.uk/vol1/srr/SRR233/082/SRR23352482/SRR23352482.lite	
SRR23352822	SAMN33050747	SRX19294280	PRJNA931118	1480154	Marchantia polymorpha subsp. ruderalis	Illumina NovaSeq 6000	NILSC25_lib4	PAIRED	WGS	GENOMIC	RANDOM	ftp.sra.ebi.ac.uk/vol1/fastq/SRR233/022/SRR23352822/SRR23352822_1.fastq.gz;ftp.sra.ebi.ac.uk/vol1/fastq/SRR233/022/SRR23352822/SRR23352822_2.fastq.gz		ftp.sra.ebi.ac.uk/vol1/srr/SRR233/022/SRR23352822/SRR23352822.lite	
SRR23352595	SAMN33050748	SRX19294019	PRJNA931118	1480154	Marchantia polymorpha subsp. ruderalis	Illumina NovaSeq 6000	NILSC26_lib1	PAIRED	WGS	GENOMIC	RANDOM	ftp.sra.ebi.ac.uk/vol1/fastq/SRR233/095/SRR23352595/SRR23352595_1.fastq.gz;ftp.sra.ebi.ac.uk/vol1/fastq/SRR233/095/SRR23352595/SRR23352595_2.fastq.gz		ftp.sra.ebi.ac.uk/vol1/srr/SRR233/095/SRR23352595/SRR23352595.lite	
SRR23352804	SAMN33050749	SRX19294298	PRJNA931118	1480154	Marchantia polymorpha subsp. ruderalis	Illumina NovaSeq 6000	NILSC3_lib4	PAIRED	WGS	GENOMIC	RANDOM	ftp.sra.ebi.ac.uk/vol1/fastq/SRR233/004/SRR23352804/SRR23352804_1.fastq.gz;ftp.sra.ebi.ac.uk/vol1/fastq/SRR233/004/SRR23352804/SRR23352804_2.fastq.gz		ftp.sra.ebi.ac.uk/vol1/srr/SRR233/004/SRR23352804/SRR23352804.lite	
SRR23352800	SAMN33050750	SRX19294302	PRJNA931118	1480154	Marchantia polymorpha subsp. ruderalis	Illumina NovaSeq 6000	NILSC4_lib4	PAIRED	WGS	GENOMIC	RANDOM	ftp.sra.ebi.ac.uk/vol1/fastq/SRR233/000/SRR23352800/SRR23352800_1.fastq.gz;ftp.sra.ebi.ac.uk/vol1/fastq/SRR233/000/SRR23352800/SRR23352800_2.fastq.gz		ftp.sra.ebi.ac.uk/vol1/srr/SRR233/000/SRR23352800/SRR23352800.lite	
SRR23352448	SAMN33050751	SRX19294167	PRJNA931118	1480154	Marchantia polymorpha subsp. ruderalis	Illumina NovaSeq 6000	NILSC5_lib1	PAIRED	WGS	GENOMIC	RANDOM	ftp.sra.ebi.ac.uk/vol1/fastq/SRR233/048/SRR23352448/SRR23352448_1.fastq.gz;ftp.sra.ebi.ac.uk/vol1/fastq/SRR233/048/SRR23352448/SRR23352448_2.fastq.gz		ftp.sra.ebi.ac.uk/vol1/srr/SRR233/048/SRR23352448/SRR23352448.lite	
SRR23352734	SAMN33050752	SRX19294368	PRJNA931118	1480154	Marchantia polymorpha subsp. ruderalis	Illumina NovaSeq 6000	NILSC7_lib1	PAIRED	WGS	GENOMIC	RANDOM	ftp.sra.ebi.ac.uk/vol1/fastq/SRR233/034/SRR23352734/SRR23352734_1.fastq.gz;ftp.sra.ebi.ac.uk/vol1/fastq/SRR233/034/SRR23352734/SRR23352734_2.fastq.gz		ftp.sra.ebi.ac.uk/vol1/srr/SRR233/034/SRR23352734/SRR23352734.lite	
SRR23352613	SAMN33050753	SRX19294001	PRJNA931118	1480154	Marchantia polymorpha subsp. ruderalis	Illumina NovaSeq 6000	NILSC8_lib4	PAIRED	WGS	GENOMIC	RANDOM	ftp.sra.ebi.ac.uk/vol1/fastq/SRR233/013/SRR23352613/SRR23352613_1.fastq.gz;ftp.sra.ebi.ac.uk/vol1/fastq/SRR233/013/SRR23352613/SRR23352613_2.fastq.gz		ftp.sra.ebi.ac.uk/vol1/srr/SRR233/013/SRR23352613/SRR23352613.lite	
SRR23352723	SAMN33050754	SRX19294379	PRJNA931118	1480154	Marchantia polymorpha subsp. ruderalis	Illumina NovaSeq 6000	Nor-A_lib1	PAIRED	WGS	GENOMIC	RANDOM	ftp.sra.ebi.ac.uk/vol1/fastq/SRR233/023/SRR23352723/SRR23352723_1.fastq.gz;ftp.sra.ebi.ac.uk/vol1/fastq/SRR233/023/SRR23352723/SRR23352723_2.fastq.gz		ftp.sra.ebi.ac.uk/vol1/srr/SRR233/023/SRR23352723/SRR23352723.lite	
SRR23352562	SAMN33050755	SRX19294052	PRJNA931118	1480154	Marchantia polymorpha subsp. ruderalis	Illumina NovaSeq 6000	Nor-B_lib2	PAIRED	WGS	GENOMIC	RANDOM	ftp.sra.ebi.ac.uk/vol1/fastq/SRR233/062/SRR23352562/SRR23352562_1.fastq.gz;ftp.sra.ebi.ac.uk/vol1/fastq/SRR233/062/SRR23352562/SRR23352562_2.fastq.gz		ftp.sra.ebi.ac.uk/vol1/srr/SRR233/062/SRR23352562/SRR23352562.lite	
SRR23352551	SAMN33050756	SRX19294063	PRJNA931118	1480154	Marchantia polymorpha subsp. ruderalis	Illumina NovaSeq 6000	Nor-C_lib1	PAIRED	WGS	GENOMIC	RANDOM	ftp.sra.ebi.ac.uk/vol1/fastq/SRR233/051/SRR23352551/SRR23352551_1.fastq.gz;ftp.sra.ebi.ac.uk/vol1/fastq/SRR233/051/SRR23352551/SRR23352551_2.fastq.gz		ftp.sra.ebi.ac.uk/vol1/srr/SRR233/051/SRR23352551/SRR23352551.lite	
SRR23352907	SAMN33050757	SRX19294195	PRJNA931118	1480154	Marchantia polymorpha subsp. ruderalis	Illumina NovaSeq 6000	Nor-D_lib2	PAIRED	WGS	GENOMIC	RANDOM	ftp.sra.ebi.ac.uk/vol1/fastq/SRR233/007/SRR23352907/SRR23352907_1.fastq.gz;ftp.sra.ebi.ac.uk/vol1/fastq/SRR233/007/SRR23352907/SRR23352907_2.fastq.gz		ftp.sra.ebi.ac.uk/vol1/srr/SRR233/007/SRR23352907/SRR23352907.lite	
SRR23352905	SAMN33050758	SRX19294197	PRJNA931118	1480154	Marchantia polymorpha subsp. ruderalis	Illumina NovaSeq 6000	Nor-E_lib1	PAIRED	WGS	GENOMIC	RANDOM	ftp.sra.ebi.ac.uk/vol1/fastq/SRR233/005/SRR23352905/SRR23352905_1.fastq.gz;ftp.sra.ebi.ac.uk/vol1/fastq/SRR233/005/SRR23352905/SRR23352905_2.fastq.gz		ftp.sra.ebi.ac.uk/vol1/srr/SRR233/005/SRR23352905/SRR23352905.lite	
SRR23352904	SAMN33050759	SRX19294198	PRJNA931118	1480154	Marchantia polymorpha subsp. ruderalis	Illumina NovaSeq 6000	Pra-A_lib1	PAIRED	WGS	GENOMIC	RANDOM	ftp.sra.ebi.ac.uk/vol1/fastq/SRR233/004/SRR23352904/SRR23352904_1.fastq.gz;ftp.sra.ebi.ac.uk/vol1/fastq/SRR233/004/SRR23352904/SRR23352904_2.fastq.gz		ftp.sra.ebi.ac.uk/vol1/srr/SRR233/004/SRR23352904/SRR23352904.lite	
SRR23352462	SAMN33050760	SRX19294153	PRJNA931118	1480154	Marchantia polymorpha subsp. ruderalis	Illumina NovaSeq 6000	Pra-C_lib4	PAIRED	WGS	GENOMIC	RANDOM	ftp.sra.ebi.ac.uk/vol1/fastq/SRR233/062/SRR23352462/SRR23352462_1.fastq.gz;ftp.sra.ebi.ac.uk/vol1/fastq/SRR233/062/SRR23352462/SRR23352462_2.fastq.gz		ftp.sra.ebi.ac.uk/vol1/srr/SRR233/062/SRR23352462/SRR23352462.lite	
SRR23352902	SAMN33050761	SRX19294200	PRJNA931118	1480154	Marchantia polymorpha subsp. ruderalis	Illumina NovaSeq 6000	RES29_lib1	PAIRED	WGS	GENOMIC	RANDOM	ftp.sra.ebi.ac.uk/vol1/fastq/SRR233/002/SRR23352902/SRR23352902_1.fastq.gz;ftp.sra.ebi.ac.uk/vol1/fastq/SRR233/002/SRR23352902/SRR23352902_2.fastq.gz		ftp.sra.ebi.ac.uk/vol1/srr/SRR233/002/SRR23352902/SRR23352902.lite	
SRR23352901	SAMN33050762	SRX19294201	PRJNA931118	1480154	Marchantia polymorpha subsp. ruderalis	Illumina NovaSeq 6000	RES31_lib1	PAIRED	WGS	GENOMIC	RANDOM	ftp.sra.ebi.ac.uk/vol1/fastq/SRR233/001/SRR23352901/SRR23352901_1.fastq.gz;ftp.sra.ebi.ac.uk/vol1/fastq/SRR233/001/SRR23352901/SRR23352901_2.fastq.gz		ftp.sra.ebi.ac.uk/vol1/srr/SRR233/001/SRR23352901/SRR23352901.lite	
SRR23352900	SAMN33050763	SRX19294202	PRJNA931118	1480154	Marchantia polymorpha subsp. ruderalis	Illumina NovaSeq 6000	RES32_lib1	PAIRED	WGS	GENOMIC	RANDOM	ftp.sra.ebi.ac.uk/vol1/fastq/SRR233/000/SRR23352900/SRR23352900_1.fastq.gz;ftp.sra.ebi.ac.uk/vol1/fastq/SRR233/000/SRR23352900/SRR23352900_2.fastq.gz		ftp.sra.ebi.ac.uk/vol1/srr/SRR233/000/SRR23352900/SRR23352900.lite	
SRR23352776	SAMN33050764	SRX19294326	PRJNA931118	1480154	Marchantia polymorpha subsp. ruderalis	Illumina NovaSeq 6000	RES34_lib6	PAIRED	WGS	GENOMIC	RANDOM	ftp.sra.ebi.ac.uk/vol1/fastq/SRR233/076/SRR23352776/SRR23352776_1.fastq.gz;ftp.sra.ebi.ac.uk/vol1/fastq/SRR233/076/SRR23352776/SRR23352776_2.fastq.gz		ftp.sra.ebi.ac.uk/vol1/srr/SRR233/076/SRR23352776/SRR23352776.lite	
SRR23352896	SAMN33050765	SRX19294206	PRJNA931118	1480154	Marchantia polymorpha subsp. ruderalis	Illumina NovaSeq 6000	RES35_lib1	PAIRED	WGS	GENOMIC	RANDOM	ftp.sra.ebi.ac.uk/vol1/fastq/SRR233/096/SRR23352896/SRR23352896_1.fastq.gz;ftp.sra.ebi.ac.uk/vol1/fastq/SRR233/096/SRR23352896/SRR23352896_2.fastq.gz		ftp.sra.ebi.ac.uk/vol1/srr/SRR233/096/SRR23352896/SRR23352896.lite	
SRR23352894	SAMN33050766	SRX19294208	PRJNA931118	1480154	Marchantia polymorpha subsp. ruderalis	Illumina NovaSeq 6000	RES36_lib1	PAIRED	WGS	GENOMIC	RANDOM	ftp.sra.ebi.ac.uk/vol1/fastq/SRR233/094/SRR23352894/SRR23352894_1.fastq.gz;ftp.sra.ebi.ac.uk/vol1/fastq/SRR233/094/SRR23352894/SRR23352894_2.fastq.gz		ftp.sra.ebi.ac.uk/vol1/srr/SRR233/094/SRR23352894/SRR23352894.lite	
SRR23352594	SAMN33050767	SRX19294020	PRJNA931118	1480154	Marchantia polymorpha subsp. ruderalis	Illumina NovaSeq 6000	RES37_lib4	PAIRED	WGS	GENOMIC	RANDOM	ftp.sra.ebi.ac.uk/vol1/fastq/SRR233/094/SRR23352594/SRR23352594_1.fastq.gz;ftp.sra.ebi.ac.uk/vol1/fastq/SRR233/094/SRR23352594/SRR23352594_2.fastq.gz		ftp.sra.ebi.ac.uk/vol1/srr/SRR233/094/SRR23352594/SRR23352594.lite	
SRR23352590	SAMN33050768	SRX19294024	PRJNA931118	1480154	Marchantia polymorpha subsp. ruderalis	Illumina NovaSeq 6000	RES38_lib4	PAIRED	WGS	GENOMIC	RANDOM	ftp.sra.ebi.ac.uk/vol1/fastq/SRR233/090/SRR23352590/SRR23352590_1.fastq.gz;ftp.sra.ebi.ac.uk/vol1/fastq/SRR233/090/SRR23352590/SRR23352590_2.fastq.gz		ftp.sra.ebi.ac.uk/vol1/srr/SRR233/090/SRR23352590/SRR23352590.lite	
SRR23352586	SAMN33050769	SRX19294028	PRJNA931118	1480154	Marchantia polymorpha subsp. ruderalis	Illumina NovaSeq 6000	RES40_lib4	PAIRED	WGS	GENOMIC	RANDOM	ftp.sra.ebi.ac.uk/vol1/fastq/SRR233/086/SRR23352586/SRR23352586_1.fastq.gz;ftp.sra.ebi.ac.uk/vol1/fastq/SRR233/086/SRR23352586/SRR23352586_2.fastq.gz		ftp.sra.ebi.ac.uk/vol1/srr/SRR233/086/SRR23352586/SRR23352586.lite	
SRR23352581	SAMN33050770	SRX19294033	PRJNA931118	1480154	Marchantia polymorpha subsp. ruderalis	Illumina NovaSeq 6000	RES41_lib4	PAIRED	WGS	GENOMIC	RANDOM	ftp.sra.ebi.ac.uk/vol1/fastq/SRR233/081/SRR23352581/SRR23352581_1.fastq.gz;ftp.sra.ebi.ac.uk/vol1/fastq/SRR233/081/SRR23352581/SRR23352581_2.fastq.gz		ftp.sra.ebi.ac.uk/vol1/srr/SRR233/081/SRR23352581/SRR23352581.lite	
SRR23352893	SAMN33050771	SRX19294209	PRJNA931118	1480154	Marchantia polymorpha subsp. ruderalis	Illumina NovaSeq 6000	RES49_lib1	PAIRED	WGS	GENOMIC	RANDOM	ftp.sra.ebi.ac.uk/vol1/fastq/SRR233/093/SRR23352893/SRR23352893_1.fastq.gz;ftp.sra.ebi.ac.uk/vol1/fastq/SRR233/093/SRR23352893/SRR23352893_2.fastq.gz		ftp.sra.ebi.ac.uk/vol1/srr/SRR233/093/SRR23352893/SRR23352893.lite	
SRR23352892	SAMN33050772	SRX19294210	PRJNA931118	1480154	Marchantia polymorpha subsp. ruderalis	Illumina NovaSeq 6000	Sal-A_lib1	PAIRED	WGS	GENOMIC	RANDOM	ftp.sra.ebi.ac.uk/vol1/fastq/SRR233/092/SRR23352892/SRR23352892_1.fastq.gz;ftp.sra.ebi.ac.uk/vol1/fastq/SRR233/092/SRR23352892/SRR23352892_2.fastq.gz		ftp.sra.ebi.ac.uk/vol1/srr/SRR233/092/SRR23352892/SRR23352892.lite	
SRR23352568	SAMN33050773	SRX19294046	PRJNA931118	1480154	Marchantia polymorpha subsp. ruderalis	Illumina NovaSeq 6000	TAK1_lib1	PAIRED	WGS	GENOMIC	RANDOM	ftp.sra.ebi.ac.uk/vol1/fastq/SRR233/068/SRR23352568/SRR23352568_1.fastq.gz;ftp.sra.ebi.ac.uk/vol1/fastq/SRR233/068/SRR23352568/SRR23352568_2.fastq.gz		ftp.sra.ebi.ac.uk/vol1/srr/SRR233/068/SRR23352568/SRR23352568.lite	
SRR23352567	SAMN33050774	SRX19294047	PRJNA931118	1480154	Marchantia polymorpha subsp. ruderalis	Illumina NovaSeq 6000	TAK2_lib1	PAIRED	WGS	GENOMIC	RANDOM	ftp.sra.ebi.ac.uk/vol1/fastq/SRR233/067/SRR23352567/SRR23352567_1.fastq.gz;ftp.sra.ebi.ac.uk/vol1/fastq/SRR233/067/SRR23352567/SRR23352567_2.fastq.gz		ftp.sra.ebi.ac.uk/vol1/srr/SRR233/067/SRR23352567/SRR23352567.lite	
SRR23352891	SAMN33050775	SRX19294211	PRJNA931118	1480154	Marchantia polymorpha subsp. ruderalis	Illumina NovaSeq 6000	Tou-A_lib1	PAIRED	WGS	GENOMIC	RANDOM	ftp.sra.ebi.ac.uk/vol1/fastq/SRR233/091/SRR23352891/SRR23352891_1.fastq.gz;ftp.sra.ebi.ac.uk/vol1/fastq/SRR233/091/SRR23352891/SRR23352891_2.fastq.gz		ftp.sra.ebi.ac.uk/vol1/srr/SRR233/091/SRR23352891/SRR23352891.lite	
SRR23352890	SAMN33050776	SRX19294212	PRJNA931118	1480154	Marchantia polymorpha subsp. ruderalis	Illumina NovaSeq 6000	Tou-B_lib1	PAIRED	WGS	GENOMIC	RANDOM	ftp.sra.ebi.ac.uk/vol1/fastq/SRR233/090/SRR23352890/SRR23352890_1.fastq.gz;ftp.sra.ebi.ac.uk/vol1/fastq/SRR233/090/SRR23352890/SRR23352890_2.fastq.gz		ftp.sra.ebi.ac.uk/vol1/srr/SRR233/090/SRR23352890/SRR23352890.lite	
SRR23352889	SAMN33050777	SRX19294213	PRJNA931118	1480154	Marchantia polymorpha subsp. ruderalis	Illumina NovaSeq 6000	Tou-C_lib1	PAIRED	WGS	GENOMIC	RANDOM	ftp.sra.ebi.ac.uk/vol1/fastq/SRR233/089/SRR23352889/SRR23352889_1.fastq.gz;ftp.sra.ebi.ac.uk/vol1/fastq/SRR233/089/SRR23352889/SRR23352889_2.fastq.gz		ftp.sra.ebi.ac.uk/vol1/srr/SRR233/089/SRR23352889/SRR23352889.lite	
SRR23352887	SAMN33050778	SRX19294215	PRJNA931118	1480154	Marchantia polymorpha subsp. ruderalis	Illumina NovaSeq 6000	Tou-D_lib2	PAIRED	WGS	GENOMIC	RANDOM	ftp.sra.ebi.ac.uk/vol1/fastq/SRR233/087/SRR23352887/SRR23352887_1.fastq.gz;ftp.sra.ebi.ac.uk/vol1/fastq/SRR233/087/SRR23352887/SRR23352887_2.fastq.gz		ftp.sra.ebi.ac.uk/vol1/srr/SRR233/087/SRR23352887/SRR23352887.lite	
SRR23352886	SAMN33050779	SRX19294216	PRJNA931118	1480154	Marchantia polymorpha subsp. ruderalis	Illumina NovaSeq 6000	Tou-E_lib1	PAIRED	WGS	GENOMIC	RANDOM	ftp.sra.ebi.ac.uk/vol1/fastq/SRR233/086/SRR23352886/SRR23352886_1.fastq.gz;ftp.sra.ebi.ac.uk/vol1/fastq/SRR233/086/SRR23352886/SRR23352886_2.fastq.gz		ftp.sra.ebi.ac.uk/vol1/srr/SRR233/086/SRR23352886/SRR23352886.lite	
SRR23352882	SAMN33050780	SRX19294220	PRJNA931118	1480154	Marchantia polymorpha subsp. ruderalis	Illumina NovaSeq 6000	Voe-A_lib2	PAIRED	WGS	GENOMIC	RANDOM	ftp.sra.ebi.ac.uk/vol1/fastq/SRR233/082/SRR23352882/SRR23352882_1.fastq.gz;ftp.sra.ebi.ac.uk/vol1/fastq/SRR233/082/SRR23352882/SRR23352882_2.fastq.gz		ftp.sra.ebi.ac.uk/vol1/srr/SRR233/082/SRR23352882/SRR23352882.lite	
SRR23352881	SAMN33050781	SRX19294221	PRJNA931118	1480154	Marchantia polymorpha subsp. ruderalis	Illumina NovaSeq 6000	Voe-B_lib1	PAIRED	WGS	GENOMIC	RANDOM	ftp.sra.ebi.ac.uk/vol1/fastq/SRR233/081/SRR23352881/SRR23352881_1.fastq.gz;ftp.sra.ebi.ac.uk/vol1/fastq/SRR233/081/SRR23352881/SRR23352881_2.fastq.gz		ftp.sra.ebi.ac.uk/vol1/srr/SRR233/081/SRR23352881/SRR23352881.lite	
SRR23352566	SAMN33050782	SRX19294048	PRJNA931118	1480154	Marchantia polymorpha subsp. ruderalis	Illumina NovaSeq 6000	Aberdeen_lib1	PAIRED	WGS	GENOMIC	RANDOM	ftp.sra.ebi.ac.uk/vol1/fastq/SRR233/066/SRR23352566/SRR23352566_1.fastq.gz;ftp.sra.ebi.ac.uk/vol1/fastq/SRR233/066/SRR23352566/SRR23352566_2.fastq.gz		ftp.sra.ebi.ac.uk/vol1/srr/SRR233/066/SRR23352566/SRR23352566.lite	
SRR23352565	SAMN33050783	SRX19294049	PRJNA931118	1480154	Marchantia polymorpha subsp. ruderalis	Illumina NovaSeq 6000	Beaufort_lib1	PAIRED	WGS	GENOMIC	RANDOM	ftp.sra.ebi.ac.uk/vol1/fastq/SRR233/065/SRR23352565/SRR23352565_1.fastq.gz;ftp.sra.ebi.ac.uk/vol1/fastq/SRR233/065/SRR23352565/SRR23352565_2.fastq.gz		ftp.sra.ebi.ac.uk/vol1/srr/SRR233/065/SRR23352565/SRR23352565.lite	
SRR23352564	SAMN33050784	SRX19294050	PRJNA931118	1480152	Marchantia polymorpha subsp. montivagans	Illumina NovaSeq 6000	Bonheur_lib1	PAIRED	WGS	GENOMIC	RANDOM	ftp.sra.ebi.ac.uk/vol1/fastq/SRR233/064/SRR23352564/SRR23352564_1.fastq.gz;ftp.sra.ebi.ac.uk/vol1/fastq/SRR233/064/SRR23352564/SRR23352564_2.fastq.gz		ftp.sra.ebi.ac.uk/vol1/srr/SRR233/064/SRR23352564/SRR23352564.lite	
SRR23352563	SAMN33050785	SRX19294051	PRJNA931118	1480154	Marchantia polymorpha subsp. ruderalis	Illumina NovaSeq 6000	Bristol_lib1	PAIRED	WGS	GENOMIC	RANDOM	ftp.sra.ebi.ac.uk/vol1/fastq/SRR233/063/SRR23352563/SRR23352563_1.fastq.gz;ftp.sra.ebi.ac.uk/vol1/fastq/SRR233/063/SRR23352563/SRR23352563_2.fastq.gz		ftp.sra.ebi.ac.uk/vol1/srr/SRR233/063/SRR23352563/SRR23352563.lite	
SRR23352561	SAMN33050786	SRX19294053	PRJNA931118	1480154	Marchantia polymorpha subsp. ruderalis	Illumina NovaSeq 6000	Crowsnest_lib1	PAIRED	WGS	GENOMIC	RANDOM	ftp.sra.ebi.ac.uk/vol1/fastq/SRR233/061/SRR23352561/SRR23352561_1.fastq.gz;ftp.sra.ebi.ac.uk/vol1/fastq/SRR233/061/SRR23352561/SRR23352561_2.fastq.gz		ftp.sra.ebi.ac.uk/vol1/srr/SRR233/061/SRR23352561/SRR23352561.lite	
SRR23352560	SAMN33050787	SRX19294054	PRJNA931118	1480154	Marchantia polymorpha subsp. ruderalis	Illumina NovaSeq 6000	Dutchpot_lib1	PAIRED	WGS	GENOMIC	RANDOM	ftp.sra.ebi.ac.uk/vol1/fastq/SRR233/060/SRR23352560/SRR23352560_1.fastq.gz;ftp.sra.ebi.ac.uk/vol1/fastq/SRR233/060/SRR23352560/SRR23352560_2.fastq.gz		ftp.sra.ebi.ac.uk/vol1/srr/SRR233/060/SRR23352560/SRR23352560.lite	
SRR23352559	SAMN33050788	SRX19294055	PRJNA931118	1480154	Marchantia polymorpha subsp. ruderalis	Illumina NovaSeq 6000	Field-1_lib1	PAIRED	WGS	GENOMIC	RANDOM	ftp.sra.ebi.ac.uk/vol1/fastq/SRR233/059/SRR23352559/SRR23352559_1.fastq.gz;ftp.sra.ebi.ac.uk/vol1/fastq/SRR233/059/SRR23352559/SRR23352559_2.fastq.gz		ftp.sra.ebi.ac.uk/vol1/srr/SRR233/059/SRR23352559/SRR23352559.lite	
SRR23352558	SAMN33050789	SRX19294056	PRJNA931118	1480154	Marchantia polymorpha subsp. ruderalis	Illumina NovaSeq 6000	Field-2_lib1	PAIRED	WGS	GENOMIC	RANDOM	ftp.sra.ebi.ac.uk/vol1/fastq/SRR233/058/SRR23352558/SRR23352558_1.fastq.gz;ftp.sra.ebi.ac.uk/vol1/fastq/SRR233/058/SRR23352558/SRR23352558_2.fastq.gz		ftp.sra.ebi.ac.uk/vol1/srr/SRR233/058/SRR23352558/SRR23352558.lite	
SRR23352557	SAMN33050790	SRX19294057	PRJNA931118	1480154	Marchantia polymorpha subsp. ruderalis	Illumina NovaSeq 6000	Gilesgate_lib1	PAIRED	WGS	GENOMIC	RANDOM	ftp.sra.ebi.ac.uk/vol1/fastq/SRR233/057/SRR23352557/SRR23352557_1.fastq.gz;ftp.sra.ebi.ac.uk/vol1/fastq/SRR233/057/SRR23352557/SRR23352557_2.fastq.gz		ftp.sra.ebi.ac.uk/vol1/srr/SRR233/057/SRR23352557/SRR23352557.lite	
SRR23352556	SAMN33050791	SRX19294058	PRJNA931118	1480154	Marchantia polymorpha subsp. ruderalis	Illumina NovaSeq 6000	Glo-1_lib1	PAIRED	WGS	GENOMIC	RANDOM	ftp.sra.ebi.ac.uk/vol1/fastq/SRR233/056/SRR23352556/SRR23352556_1.fastq.gz;ftp.sra.ebi.ac.uk/vol1/fastq/SRR233/056/SRR23352556/SRR23352556_2.fastq.gz		ftp.sra.ebi.ac.uk/vol1/srr/SRR233/056/SRR23352556/SRR23352556.lite	
SRR23352555	SAMN33050792	SRX19294059	PRJNA931118	1480154	Marchantia polymorpha subsp. ruderalis	Illumina NovaSeq 6000	Gormley_lib1	PAIRED	WGS	GENOMIC	RANDOM	ftp.sra.ebi.ac.uk/vol1/fastq/SRR233/055/SRR23352555/SRR23352555_1.fastq.gz;ftp.sra.ebi.ac.uk/vol1/fastq/SRR233/055/SRR23352555/SRR23352555_2.fastq.gz		ftp.sra.ebi.ac.uk/vol1/srr/SRR233/055/SRR23352555/SRR23352555.lite	
SRR23352554	SAMN33050793	SRX19294060	PRJNA931118	1480154	Marchantia polymorpha subsp. ruderalis	Illumina NovaSeq 6000	Grafton_lib1	PAIRED	WGS	GENOMIC	RANDOM	ftp.sra.ebi.ac.uk/vol1/fastq/SRR233/054/SRR23352554/SRR23352554_1.fastq.gz;ftp.sra.ebi.ac.uk/vol1/fastq/SRR233/054/SRR23352554/SRR23352554_2.fastq.gz		ftp.sra.ebi.ac.uk/vol1/srr/SRR233/054/SRR23352554/SRR23352554.lite	
SRR23352553	SAMN33050794	SRX19294061	PRJNA931118	1480154	Marchantia polymorpha subsp. ruderalis	Illumina NovaSeq 6000	Hopeman_lib1	PAIRED	WGS	GENOMIC	RANDOM	ftp.sra.ebi.ac.uk/vol1/fastq/SRR233/053/SRR23352553/SRR23352553_1.fastq.gz;ftp.sra.ebi.ac.uk/vol1/fastq/SRR233/053/SRR23352553/SRR23352553_2.fastq.gz		ftp.sra.ebi.ac.uk/vol1/srr/SRR233/053/SRR23352553/SRR23352553.lite	
SRR23352552	SAMN33050795	SRX19294062	PRJNA931118	1480154	Marchantia polymorpha subsp. ruderalis	Illumina NovaSeq 6000	Jimw_lib1	PAIRED	WGS	GENOMIC	RANDOM	ftp.sra.ebi.ac.uk/vol1/fastq/SRR233/052/SRR23352552/SRR23352552_1.fastq.gz;ftp.sra.ebi.ac.uk/vol1/fastq/SRR233/052/SRR23352552/SRR23352552_2.fastq.gz		ftp.sra.ebi.ac.uk/vol1/srr/SRR233/052/SRR23352552/SRR23352552.lite	
SRR23352550	SAMN33050796	SRX19294064	PRJNA931118	1480154	Marchantia polymorpha subsp. ruderalis	Illumina NovaSeq 6000	Lakedist_lib1	PAIRED	WGS	GENOMIC	RANDOM	ftp.sra.ebi.ac.uk/vol1/fastq/SRR233/050/SRR23352550/SRR23352550_1.fastq.gz;ftp.sra.ebi.ac.uk/vol1/fastq/SRR233/050/SRR23352550/SRR23352550_2.fastq.gz		ftp.sra.ebi.ac.uk/vol1/srr/SRR233/050/SRR23352550/SRR23352550.lite	
SRR23352549	SAMN33050797	SRX19294065	PRJNA931118	1480154	Marchantia polymorpha subsp. ruderalis	Illumina NovaSeq 6000	Lhj_lib1	PAIRED	WGS	GENOMIC	RANDOM	ftp.sra.ebi.ac.uk/vol1/fastq/SRR233/049/SRR23352549/SRR23352549_1.fastq.gz;ftp.sra.ebi.ac.uk/vol1/fastq/SRR233/049/SRR23352549/SRR23352549_2.fastq.gz		ftp.sra.ebi.ac.uk/vol1/srr/SRR233/049/SRR23352549/SRR23352549.lite	
SRR23352548	SAMN33050798	SRX19294066	PRJNA931118	1480154	Marchantia polymorpha subsp. ruderalis	Illumina NovaSeq 6000	Liberton_lib1	PAIRED	WGS	GENOMIC	RANDOM	ftp.sra.ebi.ac.uk/vol1/fastq/SRR233/048/SRR23352548/SRR23352548_1.fastq.gz;ftp.sra.ebi.ac.uk/vol1/fastq/SRR233/048/SRR23352548/SRR23352548_2.fastq.gz		ftp.sra.ebi.ac.uk/vol1/srr/SRR233/048/SRR23352548/SRR23352548.lite	
SRR23352547	SAMN33050799	SRX19294067	PRJNA931118	1480153	Marchantia polymorpha subsp. polymorpha	Illumina NovaSeq 6000	Maud_lib1	PAIRED	WGS	GENOMIC	RANDOM	ftp.sra.ebi.ac.uk/vol1/fastq/SRR233/047/SRR23352547/SRR23352547_1.fastq.gz;ftp.sra.ebi.ac.uk/vol1/fastq/SRR233/047/SRR23352547/SRR23352547_2.fastq.gz		ftp.sra.ebi.ac.uk/vol1/srr/SRR233/047/SRR23352547/SRR23352547.lite	
SRR23352546	SAMN33050800	SRX19294068	PRJNA931118	1480154	Marchantia polymorpha subsp. ruderalis	Illumina NovaSeq 6000	Ncathedral_lib1	PAIRED	WGS	GENOMIC	RANDOM	ftp.sra.ebi.ac.uk/vol1/fastq/SRR233/046/SRR23352546/SRR23352546_1.fastq.gz;ftp.sra.ebi.ac.uk/vol1/fastq/SRR233/046/SRR23352546/SRR23352546_2.fastq.gz		ftp.sra.ebi.ac.uk/vol1/srr/SRR233/046/SRR23352546/SRR23352546.lite	
SRR23352545	SAMN33050801	SRX19294069	PRJNA931118	1480154	Marchantia polymorpha subsp. ruderalis	Illumina NovaSeq 6000	RB2_lib1	PAIRED	WGS	GENOMIC	RANDOM	ftp.sra.ebi.ac.uk/vol1/fastq/SRR233/045/SRR23352545/SRR23352545_1.fastq.gz;ftp.sra.ebi.ac.uk/vol1/fastq/SRR233/045/SRR23352545/SRR23352545_2.fastq.gz		ftp.sra.ebi.ac.uk/vol1/srr/SRR233/045/SRR23352545/SRR23352545.lite	
SRR23352544	SAMN33050802	SRX19294070	PRJNA931118	1480154	Marchantia polymorpha subsp. ruderalis	Illumina NovaSeq 6000	Rhyl_lib1	PAIRED	WGS	GENOMIC	RANDOM	ftp.sra.ebi.ac.uk/vol1/fastq/SRR233/044/SRR23352544/SRR23352544_1.fastq.gz;ftp.sra.ebi.ac.uk/vol1/fastq/SRR233/044/SRR23352544/SRR23352544_2.fastq.gz		ftp.sra.ebi.ac.uk/vol1/srr/SRR233/044/SRR23352544/SRR23352544.lite	
SRR23352432	SAMN33050803	SRX19294071	PRJNA931118	1480154	Marchantia polymorpha subsp. ruderalis	Illumina NovaSeq 6000	Sevenoaks_lib1	PAIRED	WGS	GENOMIC	RANDOM	ftp.sra.ebi.ac.uk/vol1/fastq/SRR233/032/SRR23352432/SRR23352432_1.fastq.gz;ftp.sra.ebi.ac.uk/vol1/fastq/SRR233/032/SRR23352432/SRR23352432_2.fastq.gz		ftp.sra.ebi.ac.uk/vol1/srr/SRR233/032/SRR23352432/SRR23352432.lite	
SRR23352430	SAMN33050804	SRX19294184	PRJNA931118	1480154	Marchantia polymorpha subsp. ruderalis	Illumina NovaSeq 6000	Silverstar_lib1	PAIRED	WGS	GENOMIC	RANDOM	ftp.sra.ebi.ac.uk/vol1/fastq/SRR233/030/SRR23352430/SRR23352430_1.fastq.gz;ftp.sra.ebi.ac.uk/vol1/fastq/SRR233/030/SRR23352430/SRR23352430_2.fastq.gz		ftp.sra.ebi.ac.uk/vol1/srr/SRR233/030/SRR23352430/SRR23352430.lite	
SRR23352429	SAMN33050805	SRX19294185	PRJNA931118	1480154	Marchantia polymorpha subsp. ruderalis	Illumina NovaSeq 6000	Tak1-HK_lib1	PAIRED	WGS	GENOMIC	RANDOM	ftp.sra.ebi.ac.uk/vol1/fastq/SRR233/029/SRR23352429/SRR23352429_1.fastq.gz;ftp.sra.ebi.ac.uk/vol1/fastq/SRR233/029/SRR23352429/SRR23352429_2.fastq.gz		ftp.sra.ebi.ac.uk/vol1/srr/SRR233/029/SRR23352429/SRR23352429.lite	
SRR23352427	SAMN33050806	SRX19294187	PRJNA931118	1480154	Marchantia polymorpha subsp. ruderalis	Illumina NovaSeq 6000	Tony_lib1	PAIRED	WGS	GENOMIC	RANDOM	ftp.sra.ebi.ac.uk/vol1/fastq/SRR233/027/SRR23352427/SRR23352427_1.fastq.gz;ftp.sra.ebi.ac.uk/vol1/fastq/SRR233/027/SRR23352427/SRR23352427_2.fastq.gz		ftp.sra.ebi.ac.uk/vol1/srr/SRR233/027/SRR23352427/SRR23352427.lite	
SRR23352426	SAMN33050807	SRX19294188	PRJNA931118	1480154	Marchantia polymorpha subsp. ruderalis	Illumina NovaSeq 6000	Warwick_lib1	PAIRED	WGS	GENOMIC	RANDOM	ftp.sra.ebi.ac.uk/vol1/fastq/SRR233/026/SRR23352426/SRR23352426_1.fastq.gz;ftp.sra.ebi.ac.uk/vol1/fastq/SRR233/026/SRR23352426/SRR23352426_2.fastq.gz		ftp.sra.ebi.ac.uk/vol1/srr/SRR233/026/SRR23352426/SRR23352426.lite	
SRR23352425	SAMN33050808	SRX19294189	PRJNA931118	1480154	Marchantia polymorpha subsp. ruderalis	Illumina NovaSeq 6000	Waverly_lib1	PAIRED	WGS	GENOMIC	RANDOM	ftp.sra.ebi.ac.uk/vol1/fastq/SRR233/025/SRR23352425/SRR23352425_1.fastq.gz;ftp.sra.ebi.ac.uk/vol1/fastq/SRR233/025/SRR23352425/SRR23352425_2.fastq.gz		ftp.sra.ebi.ac.uk/vol1/srr/SRR233/025/SRR23352425/SRR23352425.lite	
SRR23352424	SAMN33050809	SRX19294190	PRJNA931118	1480154	Marchantia polymorpha subsp. ruderalis	Illumina NovaSeq 6000	Whitley_lib1	PAIRED	WGS	GENOMIC	RANDOM	ftp.sra.ebi.ac.uk/vol1/fastq/SRR233/024/SRR23352424/SRR23352424_1.fastq.gz;ftp.sra.ebi.ac.uk/vol1/fastq/SRR233/024/SRR23352424/SRR23352424_2.fastq.gz		ftp.sra.ebi.ac.uk/vol1/srr/SRR233/024/SRR23352424/SRR23352424.lite	
SRR23352423	SAMN33050810	SRX19294191	PRJNA931118	1480154	Marchantia polymorpha subsp. ruderalis	Illumina NovaSeq 6000	Withies_lib1	PAIRED	WGS	GENOMIC	RANDOM	ftp.sra.ebi.ac.uk/vol1/fastq/SRR233/023/SRR23352423/SRR23352423_1.fastq.gz;ftp.sra.ebi.ac.uk/vol1/fastq/SRR233/023/SRR23352423/SRR23352423_2.fastq.gz		ftp.sra.ebi.ac.uk/vol1/srr/SRR233/023/SRR23352423/SRR23352423.lite	
SRR23352422	SAMN33050811	SRX19294192	PRJNA931118	1480154	Marchantia polymorpha subsp. ruderalis	Illumina NovaSeq 6000	WT-F_lib1	PAIRED	WGS	GENOMIC	RANDOM	ftp.sra.ebi.ac.uk/vol1/fastq/SRR233/022/SRR23352422/SRR23352422_1.fastq.gz;ftp.sra.ebi.ac.uk/vol1/fastq/SRR233/022/SRR23352422/SRR23352422_2.fastq.gz		ftp.sra.ebi.ac.uk/vol1/srr/SRR233/022/SRR23352422/SRR23352422.lite	
SRR23352909	SAMN33050812	SRX19294193	PRJNA931118	1480154	Marchantia polymorpha subsp. ruderalis	Illumina NovaSeq 6000	WT-M_lib1	PAIRED	WGS	GENOMIC	RANDOM	ftp.sra.ebi.ac.uk/vol1/fastq/SRR233/009/SRR23352909/SRR23352909_1.fastq.gz;ftp.sra.ebi.ac.uk/vol1/fastq/SRR233/009/SRR23352909/SRR23352909_2.fastq.gz		ftp.sra.ebi.ac.uk/vol1/srr/SRR233/009/SRR23352909/SRR23352909.lite	
SRR23352908	SAMN33050813	SRX19294194	PRJNA931118	1480153	Marchantia polymorpha subsp. polymorpha	Illumina NovaSeq 6000	YC-A_lib1	PAIRED	WGS	GENOMIC	RANDOM	ftp.sra.ebi.ac.uk/vol1/fastq/SRR233/008/SRR23352908/SRR23352908_1.fastq.gz;ftp.sra.ebi.ac.uk/vol1/fastq/SRR233/008/SRR23352908/SRR23352908_2.fastq.gz		ftp.sra.ebi.ac.uk/vol1/srr/SRR233/008/SRR23352908/SRR23352908.lite	
SRR31500640	SAMN45045460	SRX26868778	PRJNA931118	56867	Marchantia paleacea	Illumina NovaSeq 6000	IPLU-PCRfree	PAIRED	WGS	GENOMIC	RANDOM	ftp.sra.ebi.ac.uk/vol1/fastq/SRR315/040/SRR31500640/SRR31500640_1.fastq.gz;ftp.sra.ebi.ac.uk/vol1/fastq/SRR315/040/SRR31500640/SRR31500640_2.fastq.gz		ftp.sra.ebi.ac.uk/vol1/srr/SRR315/040/SRR31500640/SRR31500640	
SRR31500641	SAMN45045461	SRX26868777	PRJNA931118	3197	Marchantia polymorpha	Illumina NovaSeq 6000	IPLW-PCRfree	PAIRED	WGS	GENOMIC	RANDOM	ftp.sra.ebi.ac.uk/vol1/fastq/SRR315/041/SRR31500641/SRR31500641_1.fastq.gz;ftp.sra.ebi.ac.uk/vol1/fastq/SRR315/041/SRR31500641/SRR31500641_2.fastq.gz		ftp.sra.ebi.ac.uk/vol1/srr/SRR315/041/SRR31500641/SRR31500641	
SRR31500642	SAMN45045462	SRX26868776	PRJNA931118	3197	Marchantia polymorpha	Illumina NovaSeq 6000	IPLX-PCRfree	PAIRED	WGS	GENOMIC	RANDOM	ftp.sra.ebi.ac.uk/vol1/fastq/SRR315/042/SRR31500642/SRR31500642_1.fastq.gz;ftp.sra.ebi.ac.uk/vol1/fastq/SRR315/042/SRR31500642/SRR31500642_2.fastq.gz		ftp.sra.ebi.ac.uk/vol1/srr/SRR315/042/SRR31500642/SRR31500642	
SRR31500643	SAMN45045463	SRX26868775	PRJNA931118	3197	Marchantia polymorpha	Illumina NovaSeq 6000	IPLY-PCRfree	PAIRED	WGS	GENOMIC	RANDOM	ftp.sra.ebi.ac.uk/vol1/fastq/SRR315/043/SRR31500643/SRR31500643_1.fastq.gz;ftp.sra.ebi.ac.uk/vol1/fastq/SRR315/043/SRR31500643/SRR31500643_2.fastq.gz		ftp.sra.ebi.ac.uk/vol1/srr/SRR315/043/SRR31500643/SRR31500643	
SRR31500644	SAMN45045464	SRX26868774	PRJNA931118	3197	Marchantia polymorpha	Illumina NovaSeq 6000	IPLZ-PCRfree	PAIRED	WGS	GENOMIC	RANDOM	ftp.sra.ebi.ac.uk/vol1/fastq/SRR315/044/SRR31500644/SRR31500644_1.fastq.gz;ftp.sra.ebi.ac.uk/vol1/fastq/SRR315/044/SRR31500644/SRR31500644_2.fastq.gz		ftp.sra.ebi.ac.uk/vol1/srr/SRR315/044/SRR31500644/SRR31500644	
SRR31500645	SAMN45045465	SRX26868773	PRJNA931118	3197	Marchantia polymorpha	Illumina NovaSeq 6000	IPMA-PCRfree	PAIRED	WGS	GENOMIC	RANDOM	ftp.sra.ebi.ac.uk/vol1/fastq/SRR315/045/SRR31500645/SRR31500645_1.fastq.gz;ftp.sra.ebi.ac.uk/vol1/fastq/SRR315/045/SRR31500645/SRR31500645_2.fastq.gz		ftp.sra.ebi.ac.uk/vol1/srr/SRR315/045/SRR31500645/SRR31500645	
SRR31500646	SAMN45045466	SRX26868772	PRJNA931118	3197	Marchantia polymorpha	Illumina NovaSeq 6000	IPMB-PCRfree	PAIRED	WGS	GENOMIC	RANDOM	ftp.sra.ebi.ac.uk/vol1/fastq/SRR315/046/SRR31500646/SRR31500646_1.fastq.gz;ftp.sra.ebi.ac.uk/vol1/fastq/SRR315/046/SRR31500646/SRR31500646_2.fastq.gz		ftp.sra.ebi.ac.uk/vol1/srr/SRR315/046/SRR31500646/SRR31500646	
SRR31500647	SAMN45045467	SRX26868771	PRJNA931118	3197	Marchantia polymorpha	Illumina NovaSeq 6000	IPMC-PCRfree	PAIRED	WGS	GENOMIC	RANDOM	ftp.sra.ebi.ac.uk/vol1/fastq/SRR315/047/SRR31500647/SRR31500647_1.fastq.gz;ftp.sra.ebi.ac.uk/vol1/fastq/SRR315/047/SRR31500647/SRR31500647_2.fastq.gz		ftp.sra.ebi.ac.uk/vol1/srr/SRR315/047/SRR31500647/SRR31500647	
SRR31500648	SAMN45045468	SRX26868770	PRJNA931118	56867	Marchantia paleacea	Illumina NovaSeq 6000	IPMD-PCRfree	PAIRED	WGS	GENOMIC	RANDOM	ftp.sra.ebi.ac.uk/vol1/fastq/SRR315/048/SRR31500648/SRR31500648_1.fastq.gz;ftp.sra.ebi.ac.uk/vol1/fastq/SRR315/048/SRR31500648/SRR31500648_2.fastq.gz		ftp.sra.ebi.ac.uk/vol1/srr/SRR315/048/SRR31500648/SRR31500648	
SRR31500649	SAMN45045469	SRX26868769	PRJNA931118	3197	Marchantia polymorpha	Illumina NovaSeq 6000	IPME-PCRfree	PAIRED	WGS	GENOMIC	RANDOM	ftp.sra.ebi.ac.uk/vol1/fastq/SRR315/049/SRR31500649/SRR31500649_1.fastq.gz;ftp.sra.ebi.ac.uk/vol1/fastq/SRR315/049/SRR31500649/SRR31500649_2.fastq.gz		ftp.sra.ebi.ac.uk/vol1/srr/SRR315/049/SRR31500649/SRR31500649	
SRR31500650	SAMN45045470	SRX26868768	PRJNA931118	3197	Marchantia polymorpha	Illumina NovaSeq 6000	IPMF-PCRfree	PAIRED	WGS	GENOMIC	RANDOM	ftp.sra.ebi.ac.uk/vol1/fastq/SRR315/050/SRR31500650/SRR31500650_1.fastq.gz;ftp.sra.ebi.ac.uk/vol1/fastq/SRR315/050/SRR31500650/SRR31500650_2.fastq.gz		ftp.sra.ebi.ac.uk/vol1/srr/SRR315/050/SRR31500650/SRR31500650	
SRR31500651	SAMN45045471	SRX26868767	PRJNA931118	3197	Marchantia polymorpha	Illumina NovaSeq 6000	IPMG-PCRfree	PAIRED	WGS	GENOMIC	RANDOM	ftp.sra.ebi.ac.uk/vol1/fastq/SRR315/051/SRR31500651/SRR31500651_1.fastq.gz;ftp.sra.ebi.ac.uk/vol1/fastq/SRR315/051/SRR31500651/SRR31500651_2.fastq.gz		ftp.sra.ebi.ac.uk/vol1/srr/SRR315/051/SRR31500651/SRR31500651	
SRR31500652	SAMN45045472	SRX26868766	PRJNA931118	3197	Marchantia polymorpha	Illumina NovaSeq 6000	IPMH-PCRfree	PAIRED	WGS	GENOMIC	RANDOM	ftp.sra.ebi.ac.uk/vol1/fastq/SRR315/052/SRR31500652/SRR31500652_1.fastq.gz;ftp.sra.ebi.ac.uk/vol1/fastq/SRR315/052/SRR31500652/SRR31500652_2.fastq.gz		ftp.sra.ebi.ac.uk/vol1/srr/SRR315/052/SRR31500652/SRR31500652	
SRR31500653	SAMN45045473	SRX26868765	PRJNA931118	3197	Marchantia polymorpha	Illumina NovaSeq 6000	IPMI-PCRfree	PAIRED	WGS	GENOMIC	RANDOM	ftp.sra.ebi.ac.uk/vol1/fastq/SRR315/053/SRR31500653/SRR31500653_1.fastq.gz;ftp.sra.ebi.ac.uk/vol1/fastq/SRR315/053/SRR31500653/SRR31500653_2.fastq.gz		ftp.sra.ebi.ac.uk/vol1/srr/SRR315/053/SRR31500653/SRR31500653	
SRR31500654	SAMN45045474	SRX26868764	PRJNA931118	3197	Marchantia polymorpha	Illumina NovaSeq 6000	IPMJ-PCRfree	PAIRED	WGS	GENOMIC	RANDOM	ftp.sra.ebi.ac.uk/vol1/fastq/SRR315/054/SRR31500654/SRR31500654_1.fastq.gz;ftp.sra.ebi.ac.uk/vol1/fastq/SRR315/054/SRR31500654/SRR31500654_2.fastq.gz		ftp.sra.ebi.ac.uk/vol1/srr/SRR315/054/SRR31500654/SRR31500654	
SRR31500655	SAMN45045475	SRX26868763	PRJNA931118	3197	Marchantia polymorpha	Illumina NovaSeq 6000	IPMK-PCRfree	PAIRED	WGS	GENOMIC	RANDOM	ftp.sra.ebi.ac.uk/vol1/fastq/SRR315/055/SRR31500655/SRR31500655_1.fastq.gz;ftp.sra.ebi.ac.uk/vol1/fastq/SRR315/055/SRR31500655/SRR31500655_2.fastq.gz		ftp.sra.ebi.ac.uk/vol1/srr/SRR315/055/SRR31500655/SRR31500655	
SRR31500656	SAMN45045476	SRX26868762	PRJNA931118	3197	Marchantia polymorpha	Illumina NovaSeq 6000	IPML-PCRfree	PAIRED	WGS	GENOMIC	RANDOM	ftp.sra.ebi.ac.uk/vol1/fastq/SRR315/056/SRR31500656/SRR31500656_1.fastq.gz;ftp.sra.ebi.ac.uk/vol1/fastq/SRR315/056/SRR31500656/SRR31500656_2.fastq.gz		ftp.sra.ebi.ac.uk/vol1/srr/SRR315/056/SRR31500656/SRR31500656	
SRR31500657	SAMN45045477	SRX26868761	PRJNA931118	3197	Marchantia polymorpha	Illumina NovaSeq 6000	IPMM-PCRfree	PAIRED	WGS	GENOMIC	RANDOM	ftp.sra.ebi.ac.uk/vol1/fastq/SRR315/057/SRR31500657/SRR31500657_1.fastq.gz;ftp.sra.ebi.ac.uk/vol1/fastq/SRR315/057/SRR31500657/SRR31500657_2.fastq.gz		ftp.sra.ebi.ac.uk/vol1/srr/SRR315/057/SRR31500657/SRR31500657	
SRR31500658	SAMN45045478	SRX26868760	PRJNA931118	3197	Marchantia polymorpha	Illumina NovaSeq 6000	IPMN-PCRfree	PAIRED	WGS	GENOMIC	RANDOM	ftp.sra.ebi.ac.uk/vol1/fastq/SRR315/058/SRR31500658/SRR31500658_1.fastq.gz;ftp.sra.ebi.ac.uk/vol1/fastq/SRR315/058/SRR31500658/SRR31500658_2.fastq.gz		ftp.sra.ebi.ac.uk/vol1/srr/SRR315/058/SRR31500658/SRR31500658	
SRR31500659	SAMN45045479	SRX26868759	PRJNA931118	3197	Marchantia polymorpha	Illumina NovaSeq 6000	IPMP-PCRfree	PAIRED	WGS	GENOMIC	RANDOM	ftp.sra.ebi.ac.uk/vol1/fastq/SRR315/059/SRR31500659/SRR31500659_1.fastq.gz;ftp.sra.ebi.ac.uk/vol1/fastq/SRR315/059/SRR31500659/SRR31500659_2.fastq.gz		ftp.sra.ebi.ac.uk/vol1/srr/SRR315/059/SRR31500659/SRR31500659	
SRR31500660	SAMN45045480	SRX26868758	PRJNA931118	3197	Marchantia polymorpha	Illumina NovaSeq 6000	IPMQ-PCRfree	PAIRED	WGS	GENOMIC	RANDOM	ftp.sra.ebi.ac.uk/vol1/fastq/SRR315/060/SRR31500660/SRR31500660_1.fastq.gz;ftp.sra.ebi.ac.uk/vol1/fastq/SRR315/060/SRR31500660/SRR31500660_2.fastq.gz		ftp.sra.ebi.ac.uk/vol1/srr/SRR315/060/SRR31500660/SRR31500660	
SRR31500661	SAMN45045481	SRX26868757	PRJNA931118	3197	Marchantia polymorpha	Illumina NovaSeq 6000	IPMR-PCRfree	PAIRED	WGS	GENOMIC	RANDOM	ftp.sra.ebi.ac.uk/vol1/fastq/SRR315/061/SRR31500661/SRR31500661_1.fastq.gz;ftp.sra.ebi.ac.uk/vol1/fastq/SRR315/061/SRR31500661/SRR31500661_2.fastq.gz		ftp.sra.ebi.ac.uk/vol1/srr/SRR315/061/SRR31500661/SRR31500661	
SRR31500662	SAMN45045482	SRX26868756	PRJNA931118	3197	Marchantia polymorpha	Illumina NovaSeq 6000	IPMS-PCRfree	PAIRED	WGS	GENOMIC	RANDOM	ftp.sra.ebi.ac.uk/vol1/fastq/SRR315/062/SRR31500662/SRR31500662_1.fastq.gz;ftp.sra.ebi.ac.uk/vol1/fastq/SRR315/062/SRR31500662/SRR31500662_2.fastq.gz		ftp.sra.ebi.ac.uk/vol1/srr/SRR315/062/SRR31500662/SRR31500662	
SRR31500663	SAMN45045483	SRX26868755	PRJNA931118	3197	Marchantia polymorpha	Illumina NovaSeq 6000	IPMT-PCRfree	PAIRED	WGS	GENOMIC	RANDOM	ftp.sra.ebi.ac.uk/vol1/fastq/SRR315/063/SRR31500663/SRR31500663_1.fastq.gz;ftp.sra.ebi.ac.uk/vol1/fastq/SRR315/063/SRR31500663/SRR31500663_2.fastq.gz		ftp.sra.ebi.ac.uk/vol1/srr/SRR315/063/SRR31500663/SRR31500663	
SRR31500664	SAMN45045484	SRX26868754	PRJNA931118	3197	Marchantia polymorpha	Illumina NovaSeq 6000	IPMU-PCRfree	PAIRED	WGS	GENOMIC	RANDOM	ftp.sra.ebi.ac.uk/vol1/fastq/SRR315/064/SRR31500664/SRR31500664_1.fastq.gz;ftp.sra.ebi.ac.uk/vol1/fastq/SRR315/064/SRR31500664/SRR31500664_2.fastq.gz		ftp.sra.ebi.ac.uk/vol1/srr/SRR315/064/SRR31500664/SRR31500664	
SRR31500665	SAMN45045485	SRX26868753	PRJNA931118	3197	Marchantia polymorpha	Illumina NovaSeq 6000	IPMW-PCRfree	PAIRED	WGS	GENOMIC	RANDOM	ftp.sra.ebi.ac.uk/vol1/fastq/SRR315/065/SRR31500665/SRR31500665_1.fastq.gz;ftp.sra.ebi.ac.uk/vol1/fastq/SRR315/065/SRR31500665/SRR31500665_2.fastq.gz		ftp.sra.ebi.ac.uk/vol1/srr/SRR315/065/SRR31500665/SRR31500665	
SRR31500666	SAMN45045486	SRX26868752	PRJNA931118	3197	Marchantia polymorpha	Illumina NovaSeq 6000	IPMX-PCRfree	PAIRED	WGS	GENOMIC	RANDOM	ftp.sra.ebi.ac.uk/vol1/fastq/SRR315/066/SRR31500666/SRR31500666_1.fastq.gz;ftp.sra.ebi.ac.uk/vol1/fastq/SRR315/066/SRR31500666/SRR31500666_2.fastq.gz		ftp.sra.ebi.ac.uk/vol1/srr/SRR315/066/SRR31500666/SRR31500666	
SRR31500667	SAMN45045487	SRX26868751	PRJNA931118	3197	Marchantia polymorpha	Illumina NovaSeq 6000	IPMY-PCRfree	PAIRED	WGS	GENOMIC	RANDOM	ftp.sra.ebi.ac.uk/vol1/fastq/SRR315/067/SRR31500667/SRR31500667_1.fastq.gz;ftp.sra.ebi.ac.uk/vol1/fastq/SRR315/067/SRR31500667/SRR31500667_2.fastq.gz		ftp.sra.ebi.ac.uk/vol1/srr/SRR315/067/SRR31500667/SRR31500667	
SRR31500668	SAMN45045488	SRX26868750	PRJNA931118	3197	Marchantia polymorpha	Illumina NovaSeq 6000	IPMZ-PCRfree	PAIRED	WGS	GENOMIC	RANDOM	ftp.sra.ebi.ac.uk/vol1/fastq/SRR315/068/SRR31500668/SRR31500668_1.fastq.gz;ftp.sra.ebi.ac.uk/vol1/fastq/SRR315/068/SRR31500668/SRR31500668_2.fastq.gz		ftp.sra.ebi.ac.uk/vol1/srr/SRR315/068/SRR31500668/SRR31500668	
SRR31500669	SAMN45045489	SRX26868749	PRJNA931118	3197	Marchantia polymorpha	Illumina NovaSeq 6000	IPNA-PCRfree	PAIRED	WGS	GENOMIC	RANDOM	ftp.sra.ebi.ac.uk/vol1/fastq/SRR315/069/SRR31500669/SRR31500669_1.fastq.gz;ftp.sra.ebi.ac.uk/vol1/fastq/SRR315/069/SRR31500669/SRR31500669_2.fastq.gz		ftp.sra.ebi.ac.uk/vol1/srr/SRR315/069/SRR31500669/SRR31500669	
SRR31500670	SAMN45045490	SRX26868748	PRJNA931118	3197	Marchantia polymorpha	Illumina NovaSeq 6000	IPNB-PCRfree	PAIRED	WGS	GENOMIC	RANDOM	ftp.sra.ebi.ac.uk/vol1/fastq/SRR315/070/SRR31500670/SRR31500670_1.fastq.gz;ftp.sra.ebi.ac.uk/vol1/fastq/SRR315/070/SRR31500670/SRR31500670_2.fastq.gz		ftp.sra.ebi.ac.uk/vol1/srr/SRR315/070/SRR31500670/SRR31500670	
SRR31500671	SAMN45045491	SRX26868747	PRJNA931118	3197	Marchantia polymorpha	Illumina NovaSeq 6000	IPNC-PCRfree	PAIRED	WGS	GENOMIC	RANDOM	ftp.sra.ebi.ac.uk/vol1/fastq/SRR315/071/SRR31500671/SRR31500671_1.fastq.gz;ftp.sra.ebi.ac.uk/vol1/fastq/SRR315/071/SRR31500671/SRR31500671_2.fastq.gz		ftp.sra.ebi.ac.uk/vol1/srr/SRR315/071/SRR31500671/SRR31500671	
SRR31500672	SAMN45045492	SRX26868746	PRJNA931118	3197	Marchantia polymorpha	Illumina NovaSeq 6000	IPND-PCRfree	PAIRED	WGS	GENOMIC	RANDOM	ftp.sra.ebi.ac.uk/vol1/fastq/SRR315/072/SRR31500672/SRR31500672_1.fastq.gz;ftp.sra.ebi.ac.uk/vol1/fastq/SRR315/072/SRR31500672/SRR31500672_2.fastq.gz		ftp.sra.ebi.ac.uk/vol1/srr/SRR315/072/SRR31500672/SRR31500672	
SRR31500673	SAMN45045493	SRX26868745	PRJNA931118	3197	Marchantia polymorpha	Illumina NovaSeq 6000	IPNE-PCRfree	PAIRED	WGS	GENOMIC	RANDOM	ftp.sra.ebi.ac.uk/vol1/fastq/SRR315/073/SRR31500673/SRR31500673_1.fastq.gz;ftp.sra.ebi.ac.uk/vol1/fastq/SRR315/073/SRR31500673/SRR31500673_2.fastq.gz		ftp.sra.ebi.ac.uk/vol1/srr/SRR315/073/SRR31500673/SRR31500673	
SRR31500674	SAMN45045494	SRX26868744	PRJNA931118	3197	Marchantia polymorpha	Illumina NovaSeq 6000	IPNF-PCRfree	PAIRED	WGS	GENOMIC	RANDOM	ftp.sra.ebi.ac.uk/vol1/fastq/SRR315/074/SRR31500674/SRR31500674_1.fastq.gz;ftp.sra.ebi.ac.uk/vol1/fastq/SRR315/074/SRR31500674/SRR31500674_2.fastq.gz		ftp.sra.ebi.ac.uk/vol1/srr/SRR315/074/SRR31500674/SRR31500674	
SRR31500675	SAMN45045495	SRX26868743	PRJNA931118	3197	Marchantia polymorpha	Illumina NovaSeq 6000	IPNG-PCRfree	PAIRED	WGS	GENOMIC	RANDOM	ftp.sra.ebi.ac.uk/vol1/fastq/SRR315/075/SRR31500675/SRR31500675_1.fastq.gz;ftp.sra.ebi.ac.uk/vol1/fastq/SRR315/075/SRR31500675/SRR31500675_2.fastq.gz		ftp.sra.ebi.ac.uk/vol1/srr/SRR315/075/SRR31500675/SRR31500675	
SRR31500676	SAMN45045496	SRX26868742	PRJNA931118	3197	Marchantia polymorpha	Illumina NovaSeq 6000	IPNH-PCRfree	PAIRED	WGS	GENOMIC	RANDOM	ftp.sra.ebi.ac.uk/vol1/fastq/SRR315/076/SRR31500676/SRR31500676_1.fastq.gz;ftp.sra.ebi.ac.uk/vol1/fastq/SRR315/076/SRR31500676/SRR31500676_2.fastq.gz		ftp.sra.ebi.ac.uk/vol1/srr/SRR315/076/SRR31500676/SRR31500676	
SRR31500677	SAMN45045497	SRX26868741	PRJNA931118	3197	Marchantia polymorpha	Illumina NovaSeq 6000	IPNI-PCRfree	PAIRED	WGS	GENOMIC	RANDOM	ftp.sra.ebi.ac.uk/vol1/fastq/SRR315/077/SRR31500677/SRR31500677_1.fastq.gz;ftp.sra.ebi.ac.uk/vol1/fastq/SRR315/077/SRR31500677/SRR31500677_2.fastq.gz		ftp.sra.ebi.ac.uk/vol1/srr/SRR315/077/SRR31500677/SRR31500677	
SRR31500678	SAMN45045498	SRX26868740	PRJNA931118	3197	Marchantia polymorpha	Illumina NovaSeq 6000	IPNJ-PCRfree	PAIRED	WGS	GENOMIC	RANDOM	ftp.sra.ebi.ac.uk/vol1/fastq/SRR315/078/SRR31500678/SRR31500678_1.fastq.gz;ftp.sra.ebi.ac.uk/vol1/fastq/SRR315/078/SRR31500678/SRR31500678_2.fastq.gz		ftp.sra.ebi.ac.uk/vol1/srr/SRR315/078/SRR31500678/SRR31500678	
SRR31500679	SAMN45045499	SRX26868739	PRJNA931118	3197	Marchantia polymorpha	Illumina NovaSeq 6000	IPNK-PCRfree	PAIRED	WGS	GENOMIC	RANDOM	ftp.sra.ebi.ac.uk/vol1/fastq/SRR315/079/SRR31500679/SRR31500679_1.fastq.gz;ftp.sra.ebi.ac.uk/vol1/fastq/SRR315/079/SRR31500679/SRR31500679_2.fastq.gz		ftp.sra.ebi.ac.uk/vol1/srr/SRR315/079/SRR31500679/SRR31500679	
SRR31500680	SAMN45045500	SRX26868738	PRJNA931118	3197	Marchantia polymorpha	Illumina NovaSeq 6000	IPNL-PCRfree	PAIRED	WGS	GENOMIC	RANDOM	ftp.sra.ebi.ac.uk/vol1/fastq/SRR315/080/SRR31500680/SRR31500680_1.fastq.gz;ftp.sra.ebi.ac.uk/vol1/fastq/SRR315/080/SRR31500680/SRR31500680_2.fastq.gz		ftp.sra.ebi.ac.uk/vol1/srr/SRR315/080/SRR31500680/SRR31500680	
SRR31500681	SAMN45045501	SRX26868737	PRJNA931118	3197	Marchantia polymorpha	Illumina NovaSeq 6000	IPNM-PCRfree	PAIRED	WGS	GENOMIC	RANDOM	ftp.sra.ebi.ac.uk/vol1/fastq/SRR315/081/SRR31500681/SRR31500681_1.fastq.gz;ftp.sra.ebi.ac.uk/vol1/fastq/SRR315/081/SRR31500681/SRR31500681_2.fastq.gz		ftp.sra.ebi.ac.uk/vol1/srr/SRR315/081/SRR31500681/SRR31500681	
SRR31500682	SAMN45045502	SRX26868736	PRJNA931118	3197	Marchantia polymorpha	Illumina NovaSeq 6000	IPNN-PCRfree	PAIRED	WGS	GENOMIC	RANDOM	ftp.sra.ebi.ac.uk/vol1/fastq/SRR315/082/SRR31500682/SRR31500682_1.fastq.gz;ftp.sra.ebi.ac.uk/vol1/fastq/SRR315/082/SRR31500682/SRR31500682_2.fastq.gz		ftp.sra.ebi.ac.uk/vol1/srr/SRR315/082/SRR31500682/SRR31500682	
SRR31500683	SAMN45045503	SRX26868735	PRJNA931118	3197	Marchantia polymorpha	Illumina NovaSeq 6000	IPNP-PCRfree	PAIRED	WGS	GENOMIC	RANDOM	ftp.sra.ebi.ac.uk/vol1/fastq/SRR315/083/SRR31500683/SRR31500683_1.fastq.gz;ftp.sra.ebi.ac.uk/vol1/fastq/SRR315/083/SRR31500683/SRR31500683_2.fastq.gz		ftp.sra.ebi.ac.uk/vol1/srr/SRR315/083/SRR31500683/SRR31500683	
SRR31500684	SAMN45045504	SRX26868734	PRJNA931118	3197	Marchantia polymorpha	Illumina NovaSeq 6000	IPNQ-PCRfree	PAIRED	WGS	GENOMIC	RANDOM	ftp.sra.ebi.ac.uk/vol1/fastq/SRR315/084/SRR31500684/SRR31500684_1.fastq.gz;ftp.sra.ebi.ac.uk/vol1/fastq/SRR315/084/SRR31500684/SRR31500684_2.fastq.gz		ftp.sra.ebi.ac.uk/vol1/srr/SRR315/084/SRR31500684/SRR31500684	
SRR31500685	SAMN45045505	SRX26868733	PRJNA931118	3197	Marchantia polymorpha	Illumina NovaSeq 6000	IPNR-PCRfree	PAIRED	WGS	GENOMIC	RANDOM	ftp.sra.ebi.ac.uk/vol1/fastq/SRR315/085/SRR31500685/SRR31500685_1.fastq.gz;ftp.sra.ebi.ac.uk/vol1/fastq/SRR315/085/SRR31500685/SRR31500685_2.fastq.gz		ftp.sra.ebi.ac.uk/vol1/srr/SRR315/085/SRR31500685/SRR31500685	
SRR31500686	SAMN45045506	SRX26868732	PRJNA931118	3197	Marchantia polymorpha	Illumina NovaSeq 6000	IPNS-PCRfree	PAIRED	WGS	GENOMIC	RANDOM	ftp.sra.ebi.ac.uk/vol1/fastq/SRR315/086/SRR31500686/SRR31500686_1.fastq.gz;ftp.sra.ebi.ac.uk/vol1/fastq/SRR315/086/SRR31500686/SRR31500686_2.fastq.gz		ftp.sra.ebi.ac.uk/vol1/srr/SRR315/086/SRR31500686/SRR31500686	
SRR31500687	SAMN45045507	SRX26868731	PRJNA931118	3197	Marchantia polymorpha	Illumina NovaSeq 6000	IPNT-PCRfree	PAIRED	WGS	GENOMIC	RANDOM	ftp.sra.ebi.ac.uk/vol1/fastq/SRR315/087/SRR31500687/SRR31500687_1.fastq.gz;ftp.sra.ebi.ac.uk/vol1/fastq/SRR315/087/SRR31500687/SRR31500687_2.fastq.gz		ftp.sra.ebi.ac.uk/vol1/srr/SRR315/087/SRR31500687/SRR31500687	
SRR31500688	SAMN45045508	SRX26868730	PRJNA931118	3197	Marchantia polymorpha	Illumina NovaSeq 6000	IPNU-PCRfree	PAIRED	WGS	GENOMIC	RANDOM	ftp.sra.ebi.ac.uk/vol1/fastq/SRR315/088/SRR31500688/SRR31500688_1.fastq.gz;ftp.sra.ebi.ac.uk/vol1/fastq/SRR315/088/SRR31500688/SRR31500688_2.fastq.gz		ftp.sra.ebi.ac.uk/vol1/srr/SRR315/088/SRR31500688/SRR31500688	
SRR31500689	SAMN45045509	SRX26868729	PRJNA931118	3197	Marchantia polymorpha	Illumina NovaSeq 6000	IPNW-PCRfree	PAIRED	WGS	GENOMIC	RANDOM	ftp.sra.ebi.ac.uk/vol1/fastq/SRR315/089/SRR31500689/SRR31500689_1.fastq.gz;ftp.sra.ebi.ac.uk/vol1/fastq/SRR315/089/SRR31500689/SRR31500689_2.fastq.gz		ftp.sra.ebi.ac.uk/vol1/srr/SRR315/089/SRR31500689/SRR31500689	
SRR31500690	SAMN45045510	SRX26868728	PRJNA931118	3197	Marchantia polymorpha	Illumina NovaSeq 6000	IPNX-PCRfree	PAIRED	WGS	GENOMIC	RANDOM	ftp.sra.ebi.ac.uk/vol1/fastq/SRR315/090/SRR31500690/SRR31500690_1.fastq.gz;ftp.sra.ebi.ac.uk/vol1/fastq/SRR315/090/SRR31500690/SRR31500690_2.fastq.gz		ftp.sra.ebi.ac.uk/vol1/srr/SRR315/090/SRR31500690/SRR31500690	
SRR31500691	SAMN45045511	SRX26868727	PRJNA931118	3197	Marchantia polymorpha	Illumina NovaSeq 6000	IPNY-PCRfree	PAIRED	WGS	GENOMIC	RANDOM	ftp.sra.ebi.ac.uk/vol1/fastq/SRR315/091/SRR31500691/SRR31500691_1.fastq.gz;ftp.sra.ebi.ac.uk/vol1/fastq/SRR315/091/SRR31500691/SRR31500691_2.fastq.gz		ftp.sra.ebi.ac.uk/vol1/srr/SRR315/091/SRR31500691/SRR31500691	
SRR31500692	SAMN45045512	SRX26868726	PRJNA931118	3197	Marchantia polymorpha	Illumina NovaSeq 6000	IPNZ-PCRfree	PAIRED	WGS	GENOMIC	RANDOM	ftp.sra.ebi.ac.uk/vol1/fastq/SRR315/092/SRR31500692/SRR31500692_1.fastq.gz;ftp.sra.ebi.ac.uk/vol1/fastq/SRR315/092/SRR31500692/SRR31500692_2.fastq.gz		ftp.sra.ebi.ac.uk/vol1/srr/SRR315/092/SRR31500692/SRR31500692	
SRR31500693	SAMN45045513	SRX26868725	PRJNA931118	3197	Marchantia polymorpha	Illumina NovaSeq 6000	IPPA-PCRfree	PAIRED	WGS	GENOMIC	RANDOM	ftp.sra.ebi.ac.uk/vol1/fastq/SRR315/093/SRR31500693/SRR31500693_1.fastq.gz;ftp.sra.ebi.ac.uk/vol1/fastq/SRR315/093/SRR31500693/SRR31500693_2.fastq.gz		ftp.sra.ebi.ac.uk/vol1/srr/SRR315/093/SRR31500693/SRR31500693	
SRR31500694	SAMN45045514	SRX26868724	PRJNA931118	3197	Marchantia polymorpha	Illumina NovaSeq 6000	IPPB-PCRfree	PAIRED	WGS	GENOMIC	RANDOM	ftp.sra.ebi.ac.uk/vol1/fastq/SRR315/094/SRR31500694/SRR31500694_1.fastq.gz;ftp.sra.ebi.ac.uk/vol1/fastq/SRR315/094/SRR31500694/SRR31500694_2.fastq.gz		ftp.sra.ebi.ac.uk/vol1/srr/SRR315/094/SRR31500694/SRR31500694	
SRR31500695	SAMN45045515	SRX26868723	PRJNA931118	3197	Marchantia polymorpha	Illumina NovaSeq 6000	IPPC-PCRfree	PAIRED	WGS	GENOMIC	RANDOM	ftp.sra.ebi.ac.uk/vol1/fastq/SRR315/095/SRR31500695/SRR31500695_1.fastq.gz;ftp.sra.ebi.ac.uk/vol1/fastq/SRR315/095/SRR31500695/SRR31500695_2.fastq.gz		ftp.sra.ebi.ac.uk/vol1/srr/SRR315/095/SRR31500695/SRR31500695	
SRR31500696	SAMN45045516	SRX26868722	PRJNA931118	3197	Marchantia polymorpha	Illumina NovaSeq 6000	IPPD-PCRfree	PAIRED	WGS	GENOMIC	RANDOM	ftp.sra.ebi.ac.uk/vol1/fastq/SRR315/096/SRR31500696/SRR31500696_1.fastq.gz;ftp.sra.ebi.ac.uk/vol1/fastq/SRR315/096/SRR31500696/SRR31500696_2.fastq.gz		ftp.sra.ebi.ac.uk/vol1/srr/SRR315/096/SRR31500696/SRR31500696	
SRR31500697	SAMN45045517	SRX26868721	PRJNA931118	3197	Marchantia polymorpha	Illumina NovaSeq 6000	IPPE-PCRfree	PAIRED	WGS	GENOMIC	RANDOM	ftp.sra.ebi.ac.uk/vol1/fastq/SRR315/097/SRR31500697/SRR31500697_1.fastq.gz;ftp.sra.ebi.ac.uk/vol1/fastq/SRR315/097/SRR31500697/SRR31500697_2.fastq.gz		ftp.sra.ebi.ac.uk/vol1/srr/SRR315/097/SRR31500697/SRR31500697	
SRR31500698	SAMN45045518	SRX26868720	PRJNA931118	3197	Marchantia polymorpha	Illumina NovaSeq 6000	IPPF-PCRfree	PAIRED	WGS	GENOMIC	RANDOM	ftp.sra.ebi.ac.uk/vol1/fastq/SRR315/098/SRR31500698/SRR31500698_1.fastq.gz;ftp.sra.ebi.ac.uk/vol1/fastq/SRR315/098/SRR31500698/SRR31500698_2.fastq.gz		ftp.sra.ebi.ac.uk/vol1/srr/SRR315/098/SRR31500698/SRR31500698	
SRR31500699	SAMN45045519	SRX26868719	PRJNA931118	3197	Marchantia polymorpha	Illumina NovaSeq 6000	IPPG-PCRfree	PAIRED	WGS	GENOMIC	RANDOM	ftp.sra.ebi.ac.uk/vol1/fastq/SRR315/099/SRR31500699/SRR31500699_1.fastq.gz;ftp.sra.ebi.ac.uk/vol1/fastq/SRR315/099/SRR31500699/SRR31500699_2.fastq.gz		ftp.sra.ebi.ac.uk/vol1/srr/SRR315/099/SRR31500699/SRR31500699	
SRR31500700	SAMN45045520	SRX26868718	PRJNA931118	3197	Marchantia polymorpha	Illumina NovaSeq 6000	IPPH-PCRfree	PAIRED	WGS	GENOMIC	RANDOM	ftp.sra.ebi.ac.uk/vol1/fastq/SRR315/000/SRR31500700/SRR31500700_1.fastq.gz;ftp.sra.ebi.ac.uk/vol1/fastq/SRR315/000/SRR31500700/SRR31500700_2.fastq.gz		ftp.sra.ebi.ac.uk/vol1/srr/SRR315/000/SRR31500700/SRR31500700	
SRR31500701	SAMN45045521	SRX26868717	PRJNA931118	3197	Marchantia polymorpha	Illumina NovaSeq 6000	IPPI-PCRfree	PAIRED	WGS	GENOMIC	RANDOM	ftp.sra.ebi.ac.uk/vol1/fastq/SRR315/001/SRR31500701/SRR31500701_1.fastq.gz;ftp.sra.ebi.ac.uk/vol1/fastq/SRR315/001/SRR31500701/SRR31500701_2.fastq.gz		ftp.sra.ebi.ac.uk/vol1/srr/SRR315/001/SRR31500701/SRR31500701	
SRR31500702	SAMN45045522	SRX26868716	PRJNA931118	3197	Marchantia polymorpha	Illumina NovaSeq 6000	IPPJ-PCRfree	PAIRED	WGS	GENOMIC	RANDOM	ftp.sra.ebi.ac.uk/vol1/fastq/SRR315/002/SRR31500702/SRR31500702_1.fastq.gz;ftp.sra.ebi.ac.uk/vol1/fastq/SRR315/002/SRR31500702/SRR31500702_2.fastq.gz		ftp.sra.ebi.ac.uk/vol1/srr/SRR315/002/SRR31500702/SRR31500702	
SRR31500703	SAMN45045523	SRX26868715	PRJNA931118	3197	Marchantia polymorpha	Illumina NovaSeq 6000	IPPK-PCRfree	PAIRED	WGS	GENOMIC	RANDOM	ftp.sra.ebi.ac.uk/vol1/fastq/SRR315/003/SRR31500703/SRR31500703_1.fastq.gz;ftp.sra.ebi.ac.uk/vol1/fastq/SRR315/003/SRR31500703/SRR31500703_2.fastq.gz		ftp.sra.ebi.ac.uk/vol1/srr/SRR315/003/SRR31500703/SRR31500703	
SRR31500704	SAMN45045524	SRX26868714	PRJNA931118	3197	Marchantia polymorpha	Illumina NovaSeq 6000	IPPL-PCRfree	PAIRED	WGS	GENOMIC	RANDOM	ftp.sra.ebi.ac.uk/vol1/fastq/SRR315/004/SRR31500704/SRR31500704_1.fastq.gz;ftp.sra.ebi.ac.uk/vol1/fastq/SRR315/004/SRR31500704/SRR31500704_2.fastq.gz		ftp.sra.ebi.ac.uk/vol1/srr/SRR315/004/SRR31500704/SRR31500704	
SRR31500705	SAMN45045525	SRX26868713	PRJNA931118	3197	Marchantia polymorpha	Illumina NovaSeq 6000	IPPM-PCRfree	PAIRED	WGS	GENOMIC	RANDOM	ftp.sra.ebi.ac.uk/vol1/fastq/SRR315/005/SRR31500705/SRR31500705_1.fastq.gz;ftp.sra.ebi.ac.uk/vol1/fastq/SRR315/005/SRR31500705/SRR31500705_2.fastq.gz		ftp.sra.ebi.ac.uk/vol1/srr/SRR315/005/SRR31500705/SRR31500705	
SRR31500706	SAMN45045526	SRX26868712	PRJNA931118	3197	Marchantia polymorpha	Illumina NovaSeq 6000	IPPN-PCRfree	PAIRED	WGS	GENOMIC	RANDOM	ftp.sra.ebi.ac.uk/vol1/fastq/SRR315/006/SRR31500706/SRR31500706_1.fastq.gz;ftp.sra.ebi.ac.uk/vol1/fastq/SRR315/006/SRR31500706/SRR31500706_2.fastq.gz		ftp.sra.ebi.ac.uk/vol1/srr/SRR315/006/SRR31500706/SRR31500706	
SRR31500707	SAMN45045527	SRX26868711	PRJNA931118	3197	Marchantia polymorpha	Illumina NovaSeq 6000	IPPP-PCRfree	PAIRED	WGS	GENOMIC	RANDOM	ftp.sra.ebi.ac.uk/vol1/fastq/SRR315/007/SRR31500707/SRR31500707_1.fastq.gz;ftp.sra.ebi.ac.uk/vol1/fastq/SRR315/007/SRR31500707/SRR31500707_2.fastq.gz		ftp.sra.ebi.ac.uk/vol1/srr/SRR315/007/SRR31500707/SRR31500707	
SRR31500708	SAMN45045528	SRX26868710	PRJNA931118	3197	Marchantia polymorpha	Illumina NovaSeq 6000	IPPQ-PCRfree	PAIRED	WGS	GENOMIC	RANDOM	ftp.sra.ebi.ac.uk/vol1/fastq/SRR315/008/SRR31500708/SRR31500708_1.fastq.gz;ftp.sra.ebi.ac.uk/vol1/fastq/SRR315/008/SRR31500708/SRR31500708_2.fastq.gz		ftp.sra.ebi.ac.uk/vol1/srr/SRR315/008/SRR31500708/SRR31500708	
SRR31500709	SAMN45045529	SRX26868709	PRJNA931118	3197	Marchantia polymorpha	Illumina NovaSeq 6000	IPPR-PCRfree	PAIRED	WGS	GENOMIC	RANDOM	ftp.sra.ebi.ac.uk/vol1/fastq/SRR315/009/SRR31500709/SRR31500709_1.fastq.gz;ftp.sra.ebi.ac.uk/vol1/fastq/SRR315/009/SRR31500709/SRR31500709_2.fastq.gz		ftp.sra.ebi.ac.uk/vol1/srr/SRR315/009/SRR31500709/SRR31500709	
SRR31500710	SAMN45045530	SRX26868708	PRJNA931118	3197	Marchantia polymorpha	Illumina NovaSeq 6000	IPPS-PCRfree	PAIRED	WGS	GENOMIC	RANDOM	ftp.sra.ebi.ac.uk/vol1/fastq/SRR315/010/SRR31500710/SRR31500710_1.fastq.gz;ftp.sra.ebi.ac.uk/vol1/fastq/SRR315/010/SRR31500710/SRR31500710_2.fastq.gz		ftp.sra.ebi.ac.uk/vol1/srr/SRR315/010/SRR31500710/SRR31500710	
SRR31500711	SAMN45045531	SRX26868707	PRJNA931118	1480154	Marchantia polymorpha subsp. ruderalis	Illumina NovaSeq 6000	IPPT-PCRfree	PAIRED	WGS	GENOMIC	RANDOM	ftp.sra.ebi.ac.uk/vol1/fastq/SRR315/011/SRR31500711/SRR31500711_1.fastq.gz;ftp.sra.ebi.ac.uk/vol1/fastq/SRR315/011/SRR31500711/SRR31500711_2.fastq.gz		ftp.sra.ebi.ac.uk/vol1/srr/SRR315/011/SRR31500711/SRR31500711	
SRR31500712	SAMN45045532	SRX26868706	PRJNA931118	3197	Marchantia polymorpha	Illumina NovaSeq 6000	IPPU-PCRfree	PAIRED	WGS	GENOMIC	RANDOM	ftp.sra.ebi.ac.uk/vol1/fastq/SRR315/012/SRR31500712/SRR31500712_1.fastq.gz;ftp.sra.ebi.ac.uk/vol1/fastq/SRR315/012/SRR31500712/SRR31500712_2.fastq.gz		ftp.sra.ebi.ac.uk/vol1/srr/SRR315/012/SRR31500712/SRR31500712	
SRR31500713	SAMN45045533	SRX26868705	PRJNA931118	3197	Marchantia polymorpha	Illumina NovaSeq 6000	IPPW-PCRfree	PAIRED	WGS	GENOMIC	RANDOM	ftp.sra.ebi.ac.uk/vol1/fastq/SRR315/013/SRR31500713/SRR31500713_1.fastq.gz;ftp.sra.ebi.ac.uk/vol1/fastq/SRR315/013/SRR31500713/SRR31500713_2.fastq.gz		ftp.sra.ebi.ac.uk/vol1/srr/SRR315/013/SRR31500713/SRR31500713	
SRR31500714	SAMN45045534	SRX26868704	PRJNA931118	3197	Marchantia polymorpha	Illumina NovaSeq 6000	IPPX-PCRfree	PAIRED	WGS	GENOMIC	RANDOM	ftp.sra.ebi.ac.uk/vol1/fastq/SRR315/014/SRR31500714/SRR31500714_1.fastq.gz;ftp.sra.ebi.ac.uk/vol1/fastq/SRR315/014/SRR31500714/SRR31500714_2.fastq.gz		ftp.sra.ebi.ac.uk/vol1/srr/SRR315/014/SRR31500714/SRR31500714	
SRR31500715	SAMN45045535	SRX26868703	PRJNA931118	3197	Marchantia polymorpha	Illumina NovaSeq 6000	IPPY-PCRfree	PAIRED	WGS	GENOMIC	RANDOM	ftp.sra.ebi.ac.uk/vol1/fastq/SRR315/015/SRR31500715/SRR31500715_1.fastq.gz;ftp.sra.ebi.ac.uk/vol1/fastq/SRR315/015/SRR31500715/SRR31500715_2.fastq.gz		ftp.sra.ebi.ac.uk/vol1/srr/SRR315/015/SRR31500715/SRR31500715	
SRR31500716	SAMN45045536	SRX26868702	PRJNA931118	3197	Marchantia polymorpha	Illumina NovaSeq 6000	IPPZ-PCRfree	PAIRED	WGS	GENOMIC	RANDOM	ftp.sra.ebi.ac.uk/vol1/fastq/SRR315/016/SRR31500716/SRR31500716_1.fastq.gz;ftp.sra.ebi.ac.uk/vol1/fastq/SRR315/016/SRR31500716/SRR31500716_2.fastq.gz		ftp.sra.ebi.ac.uk/vol1/srr/SRR315/016/SRR31500716/SRR31500716	
SRR31500717	SAMN45045537	SRX26868701	PRJNA931118	3197	Marchantia polymorpha	Illumina NovaSeq 6000	IPQA-PCRfree	PAIRED	WGS	GENOMIC	RANDOM	ftp.sra.ebi.ac.uk/vol1/fastq/SRR315/017/SRR31500717/SRR31500717_1.fastq.gz;ftp.sra.ebi.ac.uk/vol1/fastq/SRR315/017/SRR31500717/SRR31500717_2.fastq.gz		ftp.sra.ebi.ac.uk/vol1/srr/SRR315/017/SRR31500717/SRR31500717	
SRR31500718	SAMN45045538	SRX26868700	PRJNA931118	3197	Marchantia polymorpha	Illumina NovaSeq 6000	IPQB-PCRfree	PAIRED	WGS	GENOMIC	RANDOM	ftp.sra.ebi.ac.uk/vol1/fastq/SRR315/018/SRR31500718/SRR31500718_1.fastq.gz;ftp.sra.ebi.ac.uk/vol1/fastq/SRR315/018/SRR31500718/SRR31500718_2.fastq.gz		ftp.sra.ebi.ac.uk/vol1/srr/SRR315/018/SRR31500718/SRR31500718	
SRR31500719	SAMN45045539	SRX26868699	PRJNA931118	1480154	Marchantia polymorpha subsp. ruderalis	Illumina NovaSeq 6000	IPQC-PCRfree	PAIRED	WGS	GENOMIC	RANDOM	ftp.sra.ebi.ac.uk/vol1/fastq/SRR315/019/SRR31500719/SRR31500719_1.fastq.gz;ftp.sra.ebi.ac.uk/vol1/fastq/SRR315/019/SRR31500719/SRR31500719_2.fastq.gz		ftp.sra.ebi.ac.uk/vol1/srr/SRR315/019/SRR31500719/SRR31500719	
SRR31500720	SAMN45045540	SRX26868698	PRJNA931118	3197	Marchantia polymorpha	Illumina NovaSeq 6000	IPQD-PCRfree	PAIRED	WGS	GENOMIC	RANDOM	ftp.sra.ebi.ac.uk/vol1/fastq/SRR315/020/SRR31500720/SRR31500720_1.fastq.gz;ftp.sra.ebi.ac.uk/vol1/fastq/SRR315/020/SRR31500720/SRR31500720_2.fastq.gz		ftp.sra.ebi.ac.uk/vol1/srr/SRR315/020/SRR31500720/SRR31500720	
SRR31500721	SAMN45045541	SRX26868697	PRJNA931118	3197	Marchantia polymorpha	Illumina NovaSeq 6000	IPQE-PCRfree	PAIRED	WGS	GENOMIC	RANDOM	ftp.sra.ebi.ac.uk/vol1/fastq/SRR315/021/SRR31500721/SRR31500721_1.fastq.gz;ftp.sra.ebi.ac.uk/vol1/fastq/SRR315/021/SRR31500721/SRR31500721_2.fastq.gz		ftp.sra.ebi.ac.uk/vol1/srr/SRR315/021/SRR31500721/SRR31500721	
SRR31500722	SAMN45045542	SRX26868696	PRJNA931118	3197	Marchantia polymorpha	Illumina NovaSeq 6000	IPQF-PCRfree	PAIRED	WGS	GENOMIC	RANDOM	ftp.sra.ebi.ac.uk/vol1/fastq/SRR315/022/SRR31500722/SRR31500722_1.fastq.gz;ftp.sra.ebi.ac.uk/vol1/fastq/SRR315/022/SRR31500722/SRR31500722_2.fastq.gz		ftp.sra.ebi.ac.uk/vol1/srr/SRR315/022/SRR31500722/SRR31500722	
SRR31500723	SAMN45045543	SRX26868695	PRJNA931118	3197	Marchantia polymorpha	Illumina NovaSeq 6000	IPQG-PCRfree	PAIRED	WGS	GENOMIC	RANDOM	ftp.sra.ebi.ac.uk/vol1/fastq/SRR315/023/SRR31500723/SRR31500723_1.fastq.gz;ftp.sra.ebi.ac.uk/vol1/fastq/SRR315/023/SRR31500723/SRR31500723_2.fastq.gz		ftp.sra.ebi.ac.uk/vol1/srr/SRR315/023/SRR31500723/SRR31500723	
SRR31500724	SAMN45045544	SRX26868694	PRJNA931118	3197	Marchantia polymorpha	Illumina NovaSeq 6000	IPQH-PCRfree	PAIRED	WGS	GENOMIC	RANDOM	ftp.sra.ebi.ac.uk/vol1/fastq/SRR315/024/SRR31500724/SRR31500724_1.fastq.gz;ftp.sra.ebi.ac.uk/vol1/fastq/SRR315/024/SRR31500724/SRR31500724_2.fastq.gz		ftp.sra.ebi.ac.uk/vol1/srr/SRR315/024/SRR31500724/SRR31500724	
SRR31500725	SAMN45045545	SRX26868693	PRJNA931118	3197	Marchantia polymorpha	Illumina NovaSeq 6000	IPQI-PCRfree	PAIRED	WGS	GENOMIC	RANDOM	ftp.sra.ebi.ac.uk/vol1/fastq/SRR315/025/SRR31500725/SRR31500725_1.fastq.gz;ftp.sra.ebi.ac.uk/vol1/fastq/SRR315/025/SRR31500725/SRR31500725_2.fastq.gz		ftp.sra.ebi.ac.uk/vol1/srr/SRR315/025/SRR31500725/SRR31500725	
SRR31500726	SAMN45045546	SRX26868692	PRJNA931118	3197	Marchantia polymorpha	Illumina NovaSeq 6000	IPQJ-PCRfree	PAIRED	WGS	GENOMIC	RANDOM	ftp.sra.ebi.ac.uk/vol1/fastq/SRR315/026/SRR31500726/SRR31500726_1.fastq.gz;ftp.sra.ebi.ac.uk/vol1/fastq/SRR315/026/SRR31500726/SRR31500726_2.fastq.gz		ftp.sra.ebi.ac.uk/vol1/srr/SRR315/026/SRR31500726/SRR31500726	
SRR31500727	SAMN45045547	SRX26868691	PRJNA931118	1480154	Marchantia polymorpha subsp. ruderalis	Illumina NovaSeq 6000	IPQK-PCRfree	PAIRED	WGS	GENOMIC	RANDOM	ftp.sra.ebi.ac.uk/vol1/fastq/SRR315/027/SRR31500727/SRR31500727_1.fastq.gz;ftp.sra.ebi.ac.uk/vol1/fastq/SRR315/027/SRR31500727/SRR31500727_2.fastq.gz		ftp.sra.ebi.ac.uk/vol1/srr/SRR315/027/SRR31500727/SRR31500727	
SRR31500728	SAMN45045548	SRX26868690	PRJNA931118	3197	Marchantia polymorpha	Illumina NovaSeq 6000	IPQL-PCRfree	PAIRED	WGS	GENOMIC	RANDOM	ftp.sra.ebi.ac.uk/vol1/fastq/SRR315/028/SRR31500728/SRR31500728_1.fastq.gz;ftp.sra.ebi.ac.uk/vol1/fastq/SRR315/028/SRR31500728/SRR31500728_2.fastq.gz		ftp.sra.ebi.ac.uk/vol1/srr/SRR315/028/SRR31500728/SRR31500728	
SRR31500729	SAMN45045549	SRX26868689	PRJNA931118	3197	Marchantia polymorpha	Illumina NovaSeq 6000	IPQM-PCRfree	PAIRED	WGS	GENOMIC	RANDOM	ftp.sra.ebi.ac.uk/vol1/fastq/SRR315/029/SRR31500729/SRR31500729_1.fastq.gz;ftp.sra.ebi.ac.uk/vol1/fastq/SRR315/029/SRR31500729/SRR31500729_2.fastq.gz		ftp.sra.ebi.ac.uk/vol1/srr/SRR315/029/SRR31500729/SRR31500729	
SRR31500730	SAMN45045550	SRX26868688	PRJNA931118	3197	Marchantia polymorpha	Illumina NovaSeq 6000	IPQN-PCRfree	PAIRED	WGS	GENOMIC	RANDOM	ftp.sra.ebi.ac.uk/vol1/fastq/SRR315/030/SRR31500730/SRR31500730_1.fastq.gz;ftp.sra.ebi.ac.uk/vol1/fastq/SRR315/030/SRR31500730/SRR31500730_2.fastq.gz		ftp.sra.ebi.ac.uk/vol1/srr/SRR315/030/SRR31500730/SRR31500730	
SRR31500731	SAMN45045551	SRX26868687	PRJNA931118	3197	Marchantia polymorpha	Illumina NovaSeq 6000	IPQP-PCRfree	PAIRED	WGS	GENOMIC	RANDOM	ftp.sra.ebi.ac.uk/vol1/fastq/SRR315/031/SRR31500731/SRR31500731_1.fastq.gz;ftp.sra.ebi.ac.uk/vol1/fastq/SRR315/031/SRR31500731/SRR31500731_2.fastq.gz		ftp.sra.ebi.ac.uk/vol1/srr/SRR315/031/SRR31500731/SRR31500731	
SRR31500732	SAMN45045552	SRX26868686	PRJNA931118	3197	Marchantia polymorpha	Illumina NovaSeq 6000	IPQQ-PCRfree	PAIRED	WGS	GENOMIC	RANDOM	ftp.sra.ebi.ac.uk/vol1/fastq/SRR315/032/SRR31500732/SRR31500732_1.fastq.gz;ftp.sra.ebi.ac.uk/vol1/fastq/SRR315/032/SRR31500732/SRR31500732_2.fastq.gz		ftp.sra.ebi.ac.uk/vol1/srr/SRR315/032/SRR31500732/SRR31500732	
SRR31500733	SAMN45045553	SRX26868685	PRJNA931118	3197	Marchantia polymorpha	Illumina NovaSeq 6000	IPQR-PCRfree	PAIRED	WGS	GENOMIC	RANDOM	ftp.sra.ebi.ac.uk/vol1/fastq/SRR315/033/SRR31500733/SRR31500733_1.fastq.gz;ftp.sra.ebi.ac.uk/vol1/fastq/SRR315/033/SRR31500733/SRR31500733_2.fastq.gz		ftp.sra.ebi.ac.uk/vol1/srr/SRR315/033/SRR31500733/SRR31500733	
SRR31500734	SAMN45045554	SRX26868684	PRJNA931118	1480154	Marchantia polymorpha subsp. ruderalis	Illumina NovaSeq 6000	IPQT-PCRfree	PAIRED	WGS	GENOMIC	RANDOM	ftp.sra.ebi.ac.uk/vol1/fastq/SRR315/034/SRR31500734/SRR31500734_1.fastq.gz;ftp.sra.ebi.ac.uk/vol1/fastq/SRR315/034/SRR31500734/SRR31500734_2.fastq.gz		ftp.sra.ebi.ac.uk/vol1/srr/SRR315/034/SRR31500734/SRR31500734	
SRR31500735	SAMN45045555	SRX26868683	PRJNA931118	3197	Marchantia polymorpha	Illumina NovaSeq 6000	IPQS-PCRfree	PAIRED	WGS	GENOMIC	RANDOM	ftp.sra.ebi.ac.uk/vol1/fastq/SRR315/035/SRR31500735/SRR31500735_1.fastq.gz;ftp.sra.ebi.ac.uk/vol1/fastq/SRR315/035/SRR31500735/SRR31500735_2.fastq.gz		ftp.sra.ebi.ac.uk/vol1/srr/SRR315/035/SRR31500735/SRR31500735	
